Date,Open,High,Low,Close,Adj Close,Volume
2020-09-21,717.0,735.0,625.0,651.2999877929688,636.0285034179688,29189613
2020-09-22,664.7000122070312,703.9000244140625,635.8499755859375,694.25,677.9714965820312,6302377
2020-09-23,714.0,833.0999755859375,708.1500244140625,824.25,804.9232788085938,14866529
2020-09-24,830.5,978.5999755859375,806.2999877929688,903.5999755859375,882.4126586914062,17844880
2020-09-25,932.0,988.0,896.4000244140625,938.7999877929688,916.7872924804688,9589972
2020-09-28,944.9500122070312,969.0,910.0,919.6500244140625,898.0863037109375,2803949
2020-09-29,927.0,933.75,827.7000122070312,827.7000122070312,808.2922973632812,3583098
2020-09-30,785.0,847.0,772.2000122070312,806.75,787.8336181640625,4641613
2020-10-01,821.0,832.0,758.0,783.4500122070312,765.0799560546875,1835678
2020-10-05,790.6500244140625,849.4000244140625,771.1500244140625,827.4000244140625,807.99951171875,3141795
2020-10-06,835.0,835.0,801.0999755859375,806.6500244140625,787.7360229492188,916522
2020-10-07,809.0,809.0,780.2000122070312,784.5499877929688,766.1541748046875,621669
2020-10-08,784.0,828.7999877929688,782.0,798.9000244140625,780.1676635742188,1414742
2020-10-09,803.7000122070312,806.2000122070312,782.0,788.0,769.523193359375,368973
2020-10-12,789.9000244140625,790.0,758.25,765.0999755859375,747.16015625,389181
2020-10-13,765.0999755859375,799.0,753.0499877929688,778.1500244140625,759.9041748046875,759721
2020-10-14,778.7999877929688,791.8499755859375,768.2000122070312,772.5999755859375,754.4841918945312,398436
2020-10-15,780.0,781.0,751.1500244140625,763.9500122070312,746.0371704101562,298018
2020-10-16,770.0,770.0,687.5999755859375,708.4000244140625,691.7897338867188,3318511
2020-10-19,720.8499755859375,743.7999877929688,706.5499877929688,715.75,698.9674072265625,1516686
2020-10-20,715.0,727.3499755859375,707.0,720.3499755859375,703.4595336914062,552843
2020-10-21,728.0,776.5999755859375,720.0499877929688,752.7000122070312,735.051025390625,1852610
2020-10-22,751.7999877929688,827.9500122070312,741.6500244140625,821.8499755859375,802.5794677734375,2743903
2020-10-23,832.0,841.2999877929688,790.0,803.2000122070312,784.3668212890625,1717356
2020-10-26,798.0,814.7000122070312,777.7000122070312,795.4500122070312,776.7985229492188,559405
2020-10-27,801.0,840.0,772.0,829.6500244140625,810.1966552734375,1060731
2020-10-28,835.0,912.5999755859375,829.6500244140625,912.5999755859375,891.2015991210938,3837737
2020-10-29,914.9000244140625,989.9000244140625,885.2999877929688,949.1500244140625,926.8946533203125,4018948
2020-10-30,945.0,1012.9000244140625,934.4000244140625,997.2000122070312,973.8179321289062,2158085
2020-11-02,990.9000244140625,1096.9000244140625,982.3499755859375,1096.9000244140625,1071.1802978515625,2019426
2020-11-03,1151.699951171875,1151.699951171875,1042.0999755859375,1042.0999755859375,1017.665283203125,1365938
2020-11-04,990.0,1029.0,990.0,990.0,966.7867431640625,348589
2020-11-05,966.0999755859375,994.4000244140625,940.5,940.5,918.4474487304688,1119805
2020-11-06,939.0,985.0,905.5999755859375,926.2000122070312,904.4828491210938,1801765
2020-11-09,932.0,955.0,916.0,933.5,911.611572265625,692745
2020-11-10,940.0,940.0,905.0999755859375,914.5499877929688,893.10595703125,440363
2020-11-11,915.0,918.0,885.0,900.7000122070312,879.5806884765625,451820
2020-11-12,900.0,945.7000122070312,892.3499755859375,923.9500122070312,902.2855834960938,645493
2020-11-13,925.0,939.9000244140625,916.25,919.4500122070312,897.89111328125,299782
2020-11-14,926.0499877929688,939.9000244140625,926.0499877929688,933.5999755859375,911.7091674804688,112134
2020-11-17,933.5999755859375,967.8499755859375,918.0,940.9500122070312,918.8869018554688,537915
2020-11-18,945.0,951.0,925.25,931.2000122070312,909.3655395507812,269755
2020-11-19,930.0,977.75,926.0499877929688,945.2999877929688,923.1349487304688,628046
2020-11-20,950.0,992.5499877929688,950.0,992.5499877929688,969.2770385742188,668413
2020-11-23,1008.0,1020.0,965.1500244140625,975.4500122070312,952.5779418945312,353784
2020-11-24,976.4000244140625,1007.7000122070312,965.0,986.8499755859375,963.7105712890625,337084
2020-11-25,992.0,1004.9000244140625,950.0,956.25,933.8280639648438,482684
2020-11-26,964.0,1004.0499877929688,964.0,1004.0499877929688,980.50732421875,493614
2020-11-27,1015.25,1054.25,1005.0,1054.25,1029.5302734375,396588
2020-12-01,1078.0,1106.949951171875,1071.949951171875,1106.949951171875,1080.99462890625,417669
2020-12-02,1150.0,1162.25,1078.0999755859375,1103.75,1077.86962890625,1028984
2020-12-03,1109.0,1158.9000244140625,1093.449951171875,1158.9000244140625,1131.7264404296875,510076
2020-12-04,1184.9000244140625,1216.800048828125,1146.5999755859375,1216.800048828125,1188.2689208984375,831787
2020-12-07,1255.0,1275.0,1172.0,1186.1500244140625,1158.3377685546875,849450
2020-12-08,1186.0,1211.9000244140625,1155.300048828125,1192.4000244140625,1164.44091796875,419907
2020-12-09,1204.800048828125,1218.699951171875,1186.199951171875,1196.3499755859375,1168.2982177734375,286340
2020-12-10,1195.800048828125,1195.800048828125,1077.0,1135.6500244140625,1109.021728515625,255321
2020-12-11,1136.0,1163.5999755859375,1121.0999755859375,1126.25,1099.842041015625,242217
2020-12-14,1139.699951171875,1147.0,1100.449951171875,1109.9000244140625,1083.8753662109375,182987
2020-12-15,1116.0,1144.199951171875,1094.0999755859375,1116.5999755859375,1090.4183349609375,323330
2020-12-16,1129.5999755859375,1140.0,1120.0,1125.449951171875,1099.060791015625,186477
2020-12-17,1125.0,1143.9000244140625,1111.1500244140625,1123.800048828125,1097.4495849609375,241631
2020-12-18,1138.800048828125,1198.0,1123.75,1158.6500244140625,1131.4822998046875,1024578
2020-12-21,1174.0,1178.9000244140625,1048.3499755859375,1069.75,1044.666748046875,691389
2020-12-22,1080.0,1107.949951171875,1010.0,1062.25,1037.3426513671875,698221
2020-12-23,1068.0,1135.0,1068.0,1124.949951171875,1098.5723876953125,473736
2020-12-24,1138.9000244140625,1155.0999755859375,1110.6500244140625,1121.0,1094.715087890625,304496
2020-12-28,1130.9000244140625,1161.0,1121.0,1147.1500244140625,1120.251953125,369236
2020-12-29,1156.0,1160.0,1121.0,1129.449951171875,1102.967041015625,269729
2020-12-30,1133.0,1136.199951171875,1100.0,1107.4000244140625,1081.43408203125,272687
2020-12-31,1111.0,1120.0,1091.0999755859375,1098.5999755859375,1072.8404541015625,228390
2021-01-01,1099.0,1127.0,1099.0,1112.0,1085.926025390625,317598
2021-01-04,1117.300048828125,1198.0,1117.300048828125,1186.25,1158.4354248046875,726939
2021-01-05,1190.0,1207.0,1148.0,1174.550048828125,1147.009521484375,679736
2021-01-06,1180.0,1252.0,1166.0,1199.3499755859375,1171.22802734375,1232889
2021-01-07,1213.0,1240.0,1171.0,1185.5,1157.702880859375,571258
2021-01-08,1196.4000244140625,1224.8499755859375,1196.3499755859375,1204.6500244140625,1176.40380859375,381924
2021-01-11,1216.0,1219.9000244140625,1185.0,1188.800048828125,1160.925537109375,299576
2021-01-12,1175.5,1189.9000244140625,1155.0,1171.6500244140625,1144.177490234375,272335
2021-01-13,1179.0,1198.050048828125,1125.0,1141.699951171875,1114.9298095703125,419539
2021-01-14,1150.0,1195.0,1117.0,1181.800048828125,1154.089599609375,452109
2021-01-15,1175.9000244140625,1175.9000244140625,1143.0,1149.199951171875,1122.25390625,353474
2021-01-18,1148.0,1157.0,1115.0999755859375,1123.1500244140625,1096.814697265625,172546
2021-01-19,1134.4000244140625,1155.0,1128.449951171875,1146.25,1119.373046875,133588
2021-01-20,1144.0999755859375,1195.949951171875,1135.5999755859375,1184.75,1156.9703369140625,473475
2021-01-21,1190.0,1230.0,1180.8499755859375,1199.449951171875,1171.325439453125,526496
2021-01-22,1200.0,1227.9000244140625,1186.75,1214.5,1186.02294921875,420049
2021-01-25,1223.0,1255.25,1176.0,1239.1500244140625,1210.094970703125,443601
2021-01-27,1250.0,1305.0,1235.0,1269.6500244140625,1239.8795166015625,1216477
2021-01-28,1265.0,1300.0,1142.699951171875,1148.0,1121.0821533203125,1598004
2021-01-29,1148.0,1172.0,1125.1500244140625,1134.1500244140625,1107.556884765625,887876
2021-02-01,1143.0,1166.0,1090.0,1142.1500244140625,1115.369140625,400771
2021-02-02,1150.0,1172.0,1110.5,1119.199951171875,1092.957275390625,316815
2021-02-03,1128.699951171875,1155.0,1119.0,1130.699951171875,1104.1876220703125,260956
2021-02-04,1129.0,1148.9000244140625,1120.8499755859375,1129.949951171875,1103.4552001953125,164146
2021-02-05,1143.699951171875,1178.0,1136.0,1157.9000244140625,1130.7498779296875,384005
2021-02-08,1173.699951171875,1207.75,1165.0,1193.800048828125,1165.8082275390625,423759
2021-02-09,1204.0,1238.699951171875,1190.0,1224.800048828125,1196.0811767578125,353287
2021-02-10,1233.0,1285.050048828125,1230.0,1271.0999755859375,1241.2955322265625,588212
2021-02-11,1279.9000244140625,1525.300048828125,1277.050048828125,1525.300048828125,1489.5352783203125,3028442
2021-02-12,1635.0,1694.0,1515.300048828125,1594.550048828125,1557.16162109375,3055615
2021-02-15,1606.0,1892.0,1529.699951171875,1792.5,1750.469970703125,3410069
2021-02-16,1795.0,1890.0,1761.0,1827.5999755859375,1784.7471923828125,1571357
2021-02-17,1828.0,1979.6500244140625,1818.0,1922.1500244140625,1877.0802001953125,1642725
2021-02-18,1943.699951171875,1977.8499755859375,1800.0,1832.75,1789.776123046875,1040080
2021-02-19,1834.9000244140625,1934.800048828125,1805.6500244140625,1860.1500244140625,1816.533935546875,871677
2021-02-22,1873.5999755859375,1883.199951171875,1681.0,1748.800048828125,1707.794677734375,748428
2021-02-23,1777.5,1828.0,1742.0999755859375,1753.75,1712.628662109375,531898
2021-02-24,1774.800048828125,1783.6500244140625,1653.25,1663.6500244140625,1624.64111328125,540045
2021-02-25,1690.0,1732.5,1670.0,1679.75,1640.36376953125,488145
2021-02-26,1662.0,1714.75,1621.0,1657.1500244140625,1618.293701171875,541474
2021-03-01,1688.5999755859375,1768.0,1672.699951171875,1708.1500244140625,1668.097900390625,450770
2021-03-02,1724.0,1763.699951171875,1700.0,1747.0999755859375,1706.134521484375,348401
2021-03-03,1761.0,1818.0,1742.3499755859375,1753.1500244140625,1712.042724609375,431741
2021-03-04,1729.0,1755.0,1709.0,1715.8499755859375,1675.6170654296875,317644
2021-03-05,1721.0,1753.699951171875,1660.0,1695.199951171875,1655.4512939453125,306983
2021-03-08,1712.0,1735.0,1655.0,1663.699951171875,1624.6900634765625,278713
2021-03-09,1681.699951171875,1684.949951171875,1603.3499755859375,1615.949951171875,1578.0596923828125,257502
2021-03-10,1631.0,1638.699951171875,1572.0999755859375,1599.3499755859375,1561.8489990234375,345480
2021-03-12,1618.5999755859375,1738.800048828125,1590.0999755859375,1642.5999755859375,1604.084716796875,1299100
2021-03-15,1651.699951171875,1658.0,1583.0,1618.0,1580.0616455078125,364136
2021-03-16,1628.0,1669.75,1596.800048828125,1602.25,1564.6807861328125,406235
2021-03-17,1608.0,1640.75,1578.9000244140625,1585.199951171875,1548.0306396484375,275620
2021-03-18,1601.0,1616.9000244140625,1534.1500244140625,1573.4000244140625,1536.507568359375,407146
2021-03-19,1550.0,1599.0,1490.6500244140625,1565.6500244140625,1528.9393310546875,424377
2021-03-22,1572.0,1594.0,1535.25,1550.050048828125,1513.705078125,202164
2021-03-23,1560.0,1577.949951171875,1522.0,1527.199951171875,1491.390625,276923
2021-03-24,1525.0,1537.0,1485.0,1488.699951171875,1453.7935791015625,193928
2021-03-25,1482.0,1492.300048828125,1395.449951171875,1415.0,1381.821533203125,408242
2021-03-26,1432.699951171875,1491.699951171875,1421.050048828125,1450.949951171875,1416.9285888671875,351593
2021-03-30,1477.800048828125,1477.9000244140625,1415.0,1424.5999755859375,1391.1962890625,248877
2021-03-31,1420.0,1454.949951171875,1404.0,1409.800048828125,1376.7435302734375,302454
2021-04-01,1422.0,1485.0,1420.0,1469.699951171875,1435.2388916015625,485394
2021-04-05,1477.699951171875,1540.0,1451.0,1519.1500244140625,1483.5294189453125,716708
2021-04-06,1536.9000244140625,1671.0,1522.25,1650.699951171875,1611.9947509765625,1165132
2021-04-07,1650.0,1714.0,1621.0999755859375,1674.199951171875,1634.94384765625,953755
2021-04-08,1708.699951171875,1768.0,1693.25,1705.75,1665.754150390625,828423
2021-04-09,1708.0,1718.8499755859375,1660.199951171875,1700.050048828125,1660.1878662109375,442078
2021-04-12,1660.0,1660.0,1525.0999755859375,1539.050048828125,1502.962890625,632688
2021-04-13,1551.0,1612.800048828125,1527.6500244140625,1541.800048828125,1505.6485595703125,431914
2021-04-15,1539.5,1539.5,1481.75,1498.800048828125,1463.656494140625,335116
2021-04-16,1513.0,1536.0,1486.25,1498.449951171875,1463.314697265625,431478
2021-04-19,1460.0,1477.9000244140625,1422.25,1456.1500244140625,1422.006591796875,370011
2021-04-20,1475.0,1528.800048828125,1466.0,1489.3499755859375,1454.4281005859375,268213
2021-04-22,1483.0,1549.25,1472.4000244140625,1543.949951171875,1507.747802734375,337065
2021-04-23,1540.050048828125,1581.0,1511.5999755859375,1527.550048828125,1491.7325439453125,258108
2021-04-26,1540.0,1574.0,1536.5,1550.0,1513.6561279296875,182975
2021-04-27,1558.0,1605.0,1554.0,1575.3499755859375,1538.4117431640625,326585
2021-04-28,1586.0,1644.0,1580.0,1619.050048828125,1581.0870361328125,441871
2021-04-29,1634.4000244140625,1653.0,1590.0,1610.6500244140625,1572.8839111328125,354651
2021-04-30,1616.0,1680.0,1596.4000244140625,1639.4000244140625,1600.9598388671875,321890
2021-05-03,1631.0,1633.9000244140625,1603.25,1608.5,1570.784423828125,212930
2021-05-04,1623.0,1660.0,1561.0999755859375,1574.25,1537.33740234375,257546
2021-05-05,1593.800048828125,1606.0,1575.0,1587.5,1550.2767333984375,140168
2021-05-06,1599.699951171875,1629.0,1562.449951171875,1602.8499755859375,1565.2669677734375,254062
2021-05-07,1605.050048828125,1648.4000244140625,1600.0,1604.3499755859375,1566.7318115234375,314525
2021-05-10,1616.0,1637.8499755859375,1600.0,1606.3499755859375,1568.684814453125,151457
2021-05-11,1599.0,1618.0,1573.0,1580.4000244140625,1543.3431396484375,189149
2021-05-12,1587.699951171875,1621.949951171875,1565.0,1571.5999755859375,1534.7493896484375,285331
2021-05-14,1583.699951171875,1592.8499755859375,1500.0,1539.1500244140625,1503.0604248046875,283494
2021-05-17,1564.0,1627.949951171875,1528.8499755859375,1536.6500244140625,1500.619140625,512625
2021-05-18,1564.0,1599.0,1528.050048828125,1549.0999755859375,1512.7772216796875,543114
2021-05-19,1500.0,1580.0,1497.5,1513.050048828125,1477.572509765625,654056
2021-05-20,1540.0,1548.0,1505.0,1515.0,1479.4765625,252428
2021-05-21,1535.0,1560.0,1519.0999755859375,1525.5,1489.7305908203125,372540
2021-05-24,1534.699951171875,1542.550048828125,1507.0,1510.6500244140625,1475.228759765625,273817
2021-05-25,1521.4000244140625,1719.0,1521.3499755859375,1679.8499755859375,1640.4613037109375,4729809
2021-05-26,1690.0,1776.0,1681.0,1715.1500244140625,1674.9339599609375,2651189
2021-05-27,1722.0,1780.0,1652.0,1765.9000244140625,1724.4937744140625,1629733
2021-05-28,1780.0,1794.699951171875,1705.0,1714.8499755859375,1674.640625,670413
2021-05-31,1715.0,1728.449951171875,1675.0,1680.050048828125,1640.6566162109375,397243
2021-06-01,1694.4000244140625,1728.0,1670.0,1673.1500244140625,1633.9185791015625,411587
2021-06-02,1700.0,1763.9000244140625,1694.0,1719.1500244140625,1678.8399658203125,1079925
2021-06-03,1728.0,1758.5,1705.0,1721.449951171875,1681.086181640625,444369
2021-06-04,1728.0,1739.800048828125,1705.199951171875,1713.550048828125,1673.3714599609375,215610
2021-06-07,1727.0,1780.0,1708.0,1757.8499755859375,1716.632568359375,744519
2021-06-08,1767.300048828125,1845.0,1742.0,1807.800048828125,1765.4112548828125,1509325
2021-06-09,1820.0,1855.0,1730.0,1743.550048828125,1702.6676025390625,850018
2021-06-10,1755.0,1795.949951171875,1752.0999755859375,1759.9000244140625,1718.6343994140625,407127
2021-06-11,1769.0,1784.0,1742.050048828125,1751.550048828125,1710.4803466796875,284847
2021-06-14,1751.0,1751.0,1676.0999755859375,1720.949951171875,1680.59765625,333678
2021-06-15,1732.0,1767.0,1723.550048828125,1742.449951171875,1701.593505859375,361233
2021-06-16,1742.0,1756.0,1710.949951171875,1717.9000244140625,1677.619140625,195795
2021-06-17,1700.0,1770.0,1692.0,1752.800048828125,1711.701171875,477343
2021-06-18,1764.300048828125,1778.8499755859375,1655.25,1687.9000244140625,1648.32275390625,443685
2021-06-21,1654.699951171875,1763.800048828125,1640.0,1737.949951171875,1697.19921875,545977
2021-06-22,1737.0,1792.0,1723.0,1731.050048828125,1690.4610595703125,409039
2021-06-23,1742.0,1757.0,1716.0,1724.550048828125,1684.11328125,241846
2021-06-24,1734.0,1750.0,1706.0,1712.0,1671.857421875,217008
2021-06-25,1719.800048828125,1741.949951171875,1708.050048828125,1713.800048828125,1673.615478515625,154520
2021-06-28,1719.9000244140625,1725.949951171875,1691.0,1696.800048828125,1657.01416015625,135265
2021-06-29,1687.0,1719.0,1681.0,1687.449951171875,1647.8829345703125,130224
2021-06-30,1697.0,1743.8499755859375,1684.3499755859375,1723.199951171875,1682.7947998046875,435206
2021-07-01,1727.699951171875,1784.9000244140625,1708.0,1770.199951171875,1728.6929931640625,598297
2021-07-02,1786.699951171875,2124.199951171875,1785.0,2102.199951171875,2052.908447265625,9318553
2021-07-05,2165.0,2307.0,2105.0,2123.14990234375,2073.36669921875,5828424
2021-07-06,2110.0,2129.0,2020.0,2030.449951171875,1982.8406982421875,1596134
2021-07-07,2032.0,2162.0,2012.050048828125,2083.449951171875,2034.5977783203125,1924527
2021-07-08,2102.89990234375,2129.0,2042.0,2088.85009765625,2039.87109375,711501
2021-07-09,2101.75,2153.89990234375,2081.0,2111.699951171875,2062.185546875,749415
2021-07-12,2127.0,2140.0,2061.0,2077.75,2029.0313720703125,519016
2021-07-13,2091.0,2098.699951171875,2026.0,2047.800048828125,1999.7838134765625,398915
2021-07-14,2051.0,2198.39990234375,2048.0,2165.35009765625,2114.577880859375,2055385
2021-07-15,2173.60009765625,2239.800048828125,2112.14990234375,2133.14990234375,2085.058349609375,1445698
2021-07-16,2149.0,2175.0,2125.0,2152.449951171875,2103.923828125,452326
2021-07-19,2104.89990234375,2165.0,2095.0,2123.699951171875,2075.821533203125,448901
2021-07-20,2125.14990234375,2137.949951171875,2043.0999755859375,2059.89990234375,2013.4599609375,441329
2021-07-22,2080.14990234375,2108.199951171875,2061.89990234375,2072.85009765625,2026.1182861328125,232656
2021-07-23,2084.300048828125,2222.0,2084.0,2136.199951171875,2088.039306640625,1139213
2021-07-26,2141.10009765625,2152.0,2109.60009765625,2119.64990234375,2071.863037109375,220635
2021-07-27,2134.0,2213.89990234375,2115.0,2148.449951171875,2100.01318359375,889770
2021-07-28,2163.60009765625,2231.89990234375,2126.550048828125,2176.449951171875,2127.38232421875,1038130
2021-07-29,2115.0,2138.0,2062.0,2074.5,2027.73046875,769021
2021-07-30,2081.0,2134.0,2056.0,2064.35009765625,2017.8094482421875,550023
2021-08-02,2083.0,2094.0,2040.0,2047.050048828125,2000.8994140625,457666
2021-08-03,2057.699951171875,2067.949951171875,2015.949951171875,2019.199951171875,1973.67724609375,373902
2021-08-04,2027.800048828125,2058.0,1978.550048828125,1998.3499755859375,1953.29736328125,446679
2021-08-05,2009.9000244140625,2027.0,1961.75,1970.550048828125,1926.1241455078125,371989
2021-08-06,1979.0,2029.800048828125,1966.0,1974.9000244140625,1930.376220703125,475573
2021-08-09,1988.5999755859375,1994.449951171875,1942.0,1949.0999755859375,1905.15771484375,260966
2021-08-10,1957.800048828125,1973.550048828125,1905.550048828125,1935.0999755859375,1891.4736328125,225859
2021-08-11,1946.0,1950.949951171875,1864.1500244140625,1917.9000244140625,1874.6611328125,324898
2021-08-12,1924.5,2014.0,1910.0,1987.050048828125,1942.2523193359375,289941
2021-08-13,2018.75,2022.0,1965.9000244140625,1972.449951171875,1927.9814453125,180489
2021-08-16,1972.0,1972.8499755859375,1930.0,1940.5999755859375,1896.849365234375,146204
2021-08-17,1946.0,1985.699951171875,1925.0,1954.199951171875,1910.1427001953125,203875
2021-08-18,1958.800048828125,1966.699951171875,1930.0,1937.949951171875,1894.2591552734375,116940
2021-08-20,1918.75,1933.0999755859375,1888.199951171875,1894.5,1851.78857421875,166839
2021-08-23,1875.0,1909.0,1754.0,1782.3499755859375,1742.1671142578125,379743
2021-08-24,1792.4000244140625,1917.0,1763.449951171875,1891.550048828125,1848.9052734375,399177
2021-08-25,1906.699951171875,1958.5,1898.5,1927.8499755859375,1884.3868408203125,307261
2021-08-26,1934.0,1939.699951171875,1893.949951171875,1909.9000244140625,1866.841796875,131625
2021-08-27,1916.0,1917.949951171875,1880.0,1888.550048828125,1845.972900390625,175590
2021-08-30,1904.4000244140625,2007.9000244140625,1895.5,1982.75,1938.049072265625,569212
2021-08-31,1989.5,2037.0,1969.4000244140625,1975.5999755859375,1931.060302734375,410821
2021-09-01,1985.9000244140625,2011.0,1955.5,1963.199951171875,1918.939697265625,184944
2021-09-02,1963.199951171875,2022.949951171875,1962.0,1994.3499755859375,1949.3876953125,367414
2021-09-03,2009.699951171875,2024.699951171875,1981.25,1997.3499755859375,1952.31982421875,240834
2021-09-06,2010.0,2075.0,2009.8499755859375,2025.4000244140625,1979.7376708984375,632359
2021-09-07,2033.0,2044.75,1985.0,1998.449951171875,1953.3951416015625,232874
2021-09-08,2008.0,2027.6500244140625,1990.050048828125,2005.5,1960.2861328125,194871
2021-09-09,1994.800048828125,2000.0999755859375,1980.0,1995.8499755859375,1950.8538818359375,196664
2021-09-13,1993.0,2037.9000244140625,1990.0,2022.5999755859375,1977.000732421875,223345
2021-09-14,2038.0,2054.0,2008.0,2013.1500244140625,1967.763671875,232399
2021-09-15,2014.0,2091.10009765625,2010.0,2058.199951171875,2011.7984619140625,678808
2021-09-16,2070.800048828125,2088.0,2040.0,2048.89990234375,2002.707763671875,259919
2021-09-17,2054.0,2058.949951171875,1985.0,2007.3499755859375,1962.0947265625,324892
2021-09-20,1995.0,2039.0,1955.550048828125,1967.0999755859375,1922.751953125,330248
2021-09-21,1968.9000244140625,1988.800048828125,1916.0,1949.6500244140625,1905.6954345703125,197565
2021-09-22,1962.800048828125,2000.0,1948.0999755859375,1981.3499755859375,1936.6806640625,364841
2021-09-23,1996.699951171875,2010.0,1960.0,1997.300048828125,1952.271240234375,140835
2021-09-24,1997.699951171875,2034.0,1981.0999755859375,1995.8499755859375,1950.8538818359375,243247
2021-09-27,2008.699951171875,2013.0,1950.0,1966.0,1921.6767578125,115401
2021-09-28,1972.0,1974.5999755859375,1940.0,1943.699951171875,1899.8792724609375,83050
2021-09-29,1931.699951171875,1980.050048828125,1915.0,1965.050048828125,1920.7481689453125,96634
2021-09-30,1972.0,1973.949951171875,1935.0,1949.8499755859375,1905.8909912109375,71600
2021-10-01,1942.0,2064.85009765625,1935.0999755859375,2042.1500244140625,1996.1099853515625,382657
2021-10-04,2050.0,2063.75,2030.0,2051.64990234375,2005.395751953125,186243
2021-10-05,2049.699951171875,2098.699951171875,1995.5,2005.6500244140625,1960.43310546875,239657
2021-10-06,2014.300048828125,2030.0,1995.0,2009.199951171875,1963.9027099609375,100496
2021-10-07,2026.699951171875,2060.0,2003.3499755859375,2054.10009765625,2007.79052734375,171024
2021-10-08,2065.0,2142.89990234375,2037.4000244140625,2116.449951171875,2068.734619140625,822446
2021-10-11,2164.89990234375,2332.0,2151.0,2296.050048828125,2244.285888671875,1695624
2021-10-12,2310.0,2389.0,2275.199951171875,2306.949951171875,2254.9404296875,1009926
2021-10-13,2327.800048828125,2338.0,2242.0,2259.64990234375,2208.70654296875,366238
2021-10-14,2269.85009765625,2279.75,2209.0,2223.10009765625,2172.980712890625,319471
2021-10-18,2243.0,2337.64990234375,2240.0,2264.25,2213.203125,318814
2021-10-19,2344.89990234375,2350.199951171875,2130.0,2168.300048828125,2119.416015625,480584
2021-10-20,2179.39990234375,2184.0,2045.0,2083.449951171875,2036.478759765625,210215
2021-10-21,2095.0,2111.14990234375,2000.0,2021.550048828125,1975.9744873046875,162349
2021-10-22,2036.699951171875,2069.550048828125,1980.0,1985.75,1940.9818115234375,136387
2021-10-25,1994.699951171875,1996.0,1890.0,1920.0,1876.7137451171875,119586
2021-10-26,1920.0,1980.0,1919.0,1968.800048828125,1924.41357421875,99437
2021-10-27,1982.0,1982.0,1925.5,1939.75,1896.0186767578125,184615
2021-10-28,1943.0,1948.0,1881.0,1891.0,1848.36767578125,137411
2021-10-29,1885.0,1895.949951171875,1835.0,1877.6500244140625,1835.3187255859375,160892
2021-11-01,1896.699951171875,1979.949951171875,1892.0,1954.0,1909.947265625,141607
2021-11-02,1963.0,1990.0,1944.0,1977.5,1932.9173583984375,72218
2021-11-03,1991.800048828125,1991.800048828125,1952.0999755859375,1975.1500244140625,1930.620361328125,70418
2021-11-04,2000.0,2008.949951171875,1991.0,1996.5,1951.4891357421875,32804
2021-11-08,1999.699951171875,2009.4000244140625,1955.0,1987.699951171875,1942.8876953125,71884
2021-11-09,1975.0,1987.0,1941.0999755859375,1971.6500244140625,1927.19921875,127923
2021-11-10,1968.0,1998.800048828125,1960.0999755859375,1978.6500244140625,1934.0418701171875,76237
2021-11-11,1978.0,1978.6500244140625,1947.050048828125,1952.1500244140625,1908.13916015625,55695
2021-11-12,1962.800048828125,1969.199951171875,1935.0,1947.800048828125,1903.8870849609375,65448
2021-11-15,1957.300048828125,1958.800048828125,1927.0999755859375,1941.0999755859375,1897.3382568359375,89712
2021-11-16,1940.0,1990.0,1935.0,1958.550048828125,1914.394775390625,170901
2021-11-17,1943.0,1943.0,1916.1500244140625,1928.0999755859375,1884.631103515625,185985
2021-11-18,1924.25,1948.0,1905.0,1925.3499755859375,1881.9432373046875,118022
2021-11-22,1934.699951171875,1935.199951171875,1805.0,1833.199951171875,1791.8707275390625,232042
2021-11-23,1827.800048828125,1848.3499755859375,1801.0,1803.0999755859375,1762.44921875,214552
2021-11-24,1819.9000244140625,1855.0,1807.1500244140625,1814.5999755859375,1773.68994140625,134113
2021-11-25,1821.0,1848.0,1804.199951171875,1813.25,1772.37060546875,134464
2021-11-26,1802.0,1828.1500244140625,1780.0,1784.949951171875,1744.70849609375,92620
2021-11-29,1755.0,1775.0,1673.199951171875,1750.800048828125,1711.3287353515625,113460
2021-11-30,1761.0,1823.800048828125,1761.0,1814.300048828125,1773.39697265625,146571
2021-12-01,1814.199951171875,1826.8499755859375,1790.300048828125,1798.199951171875,1757.65966796875,99920
2021-12-02,1809.0,1817.949951171875,1791.0,1799.550048828125,1758.9793701171875,95907
2021-12-03,1812.0,1824.4000244140625,1789.0,1797.050048828125,1756.5357666015625,108703
2021-12-06,1806.0,1806.0,1750.0,1752.4000244140625,1712.892333984375,95848
2021-12-07,1762.699951171875,1792.300048828125,1725.300048828125,1755.5,1715.9224853515625,154110
2021-12-08,1780.0,1908.75,1758.75,1852.300048828125,1810.540283203125,501653
2021-12-09,1865.0,1923.199951171875,1859.449951171875,1874.5999755859375,1832.3372802734375,275447
2021-12-10,1870.4000244140625,1873.699951171875,1838.0,1844.550048828125,1802.9647216796875,129300
2021-12-13,1858.0,1858.0,1818.0,1824.949951171875,1783.8065185546875,87346
2021-12-14,1815.0,1820.3499755859375,1802.0,1810.449951171875,1769.633544921875,59489
2021-12-15,1817.800048828125,1850.0,1801.050048828125,1819.4000244140625,1778.3818359375,77741
2021-12-16,1835.0,1840.0,1812.0,1816.199951171875,1775.25390625,52105
2021-12-17,1805.0,1814.0,1750.0999755859375,1795.699951171875,1755.2159423828125,140222
2021-12-20,1777.0,1779.449951171875,1696.0999755859375,1699.5,1661.18505859375,140518
2021-12-21,1712.0,1750.0,1682.0,1686.949951171875,1648.9176025390625,87609
2021-12-22,1700.0,1709.75,1673.0,1695.9000244140625,1657.6661376953125,126586
2021-12-23,1702.699951171875,1747.5,1693.0,1708.199951171875,1669.68896484375,183678
2021-12-24,1717.0,1717.8499755859375,1685.0,1697.199951171875,1658.9366455078125,49786
2021-12-27,1698.0,1726.449951171875,1663.25,1700.25,1661.9180908203125,161901
2021-12-28,1712.699951171875,1733.449951171875,1685.0999755859375,1698.550048828125,1660.2567138671875,100152
2021-12-29,1698.699951171875,1773.4000244140625,1697.0,1738.3499755859375,1699.1591796875,218680
2021-12-30,1746.300048828125,1805.0,1736.050048828125,1771.4000244140625,1731.464111328125,164788
2021-12-31,1786.0,1828.800048828125,1773.199951171875,1783.4000244140625,1743.193359375,207615
2022-01-03,1785.5,1818.0,1771.0,1804.199951171875,1763.5245361328125,148279
2022-01-04,1812.0,1834.800048828125,1787.0999755859375,1821.8499755859375,1780.7767333984375,172982
2022-01-05,1825.0,1828.0,1792.6500244140625,1805.8499755859375,1765.13720703125,159386
2022-01-06,1796.0,1796.0,1761.5,1775.75,1735.716064453125,112890
2022-01-07,1785.0,1790.0,1755.25,1772.1500244140625,1732.197265625,127145
2022-01-10,1786.0,1833.0,1778.3499755859375,1813.25,1772.37060546875,174833
2022-01-11,1816.800048828125,1878.75,1792.9000244140625,1864.25,1822.220703125,260687
2022-01-12,1884.0,1935.5999755859375,1872.0,1877.0999755859375,1834.781005859375,554973
2022-01-13,1892.1500244140625,1918.949951171875,1864.949951171875,1910.550048828125,1867.47705078125,260447
2022-01-14,1909.699951171875,1909.699951171875,1875.0,1890.9000244140625,1848.27001953125,158017
2022-01-17,1895.0,1898.300048828125,1799.3499755859375,1867.5999755859375,1825.4952392578125,123808
2022-01-18,1869.5,1886.699951171875,1830.300048828125,1838.699951171875,1797.24658203125,125513
2022-01-19,1823.0,1848.9000244140625,1790.0,1819.949951171875,1778.91943359375,145847
2022-01-20,1823.800048828125,1836.0,1805.0,1819.3499755859375,1778.3331298828125,74795
2022-01-21,1815.0,1847.949951171875,1762.050048828125,1788.949951171875,1748.618408203125,130721
2022-01-24,1788.0,1788.0,1592.25,1619.550048828125,1583.03759765625,396834
2022-01-25,1576.0,1603.8499755859375,1525.0,1567.8499755859375,1532.5029296875,502550
2022-01-27,1568.1500244140625,1568.1500244140625,1480.0,1495.550048828125,1461.8330078125,364531
2022-01-28,1574.0,1696.699951171875,1563.5,1609.199951171875,1572.9207763671875,2021202
2022-01-31,1648.0,1823.0,1648.0,1796.4000244140625,1755.900390625,1530523
2022-02-01,1815.4000244140625,1888.9000244140625,1773.050048828125,1825.5999755859375,1784.442138671875,1147952
2022-02-02,1842.4000244140625,1864.699951171875,1820.0,1835.949951171875,1794.55859375,265263
2022-02-03,1836.5,1840.0,1793.6500244140625,1804.9000244140625,1764.2088623046875,150232
2022-02-04,1802.0,1839.550048828125,1790.0,1796.3499755859375,1755.8514404296875,203021
2022-02-07,1795.0,1795.0,1745.0,1755.1500244140625,1718.4501953125,105474
2022-02-08,1761.0,1773.0,1703.0999755859375,1730.6500244140625,1694.4627685546875,99718
2022-02-09,1733.75,1756.0,1721.0,1731.5999755859375,1695.392578125,59434
2022-02-10,1747.0,1779.0,1723.0,1751.4000244140625,1714.7786865234375,90457
2022-02-11,1734.0,1734.0,1665.0,1673.5,1638.507568359375,126856
2022-02-14,1582.0,1650.0,1580.5,1590.5,1557.2431640625,142469
2022-02-15,1615.0,1650.0,1552.699951171875,1615.4000244140625,1581.6224365234375,213032
2022-02-16,1647.0,1671.550048828125,1596.9000244140625,1600.949951171875,1567.474609375,186574
2022-02-17,1610.0,1615.550048828125,1560.5999755859375,1569.699951171875,1536.8779296875,106804
2022-02-18,1565.0,1565.0,1514.050048828125,1518.199951171875,1486.454833984375,180082
2022-02-21,1510.0,1565.050048828125,1474.0,1495.0999755859375,1463.837646484375,360397
2022-02-22,1450.0,1531.0,1432.9000244140625,1499.6500244140625,1468.292724609375,279077
2022-02-23,1512.0,1548.0,1480.0,1489.050048828125,1457.91455078125,238662
2022-02-24,1450.0,1475.0,1395.0,1420.75,1391.0426025390625,284895
2022-02-25,1475.0,1500.0,1423.0,1446.9000244140625,1416.6458740234375,248864
2022-02-28,1425.0,1505.0,1405.25,1487.050048828125,1455.9561767578125,306355
2022-03-02,1487.0,1542.0,1483.050048828125,1509.800048828125,1478.23046875,243601
2022-03-03,1542.0,1568.0,1523.0999755859375,1532.9000244140625,1500.847412109375,188258
2022-03-04,1520.0,1551.949951171875,1495.5,1535.300048828125,1503.1971435546875,128528
2022-03-07,1487.0,1539.699951171875,1487.0,1524.699951171875,1492.81884765625,107331
2022-03-08,1544.0,1575.0,1520.050048828125,1567.050048828125,1534.2833251953125,136344
2022-03-09,1577.4000244140625,1632.050048828125,1562.1500244140625,1616.550048828125,1582.748291015625,153573
2022-03-10,1670.0,1688.800048828125,1627.0999755859375,1638.6500244140625,1604.3863525390625,164009
2022-03-11,1644.0,1674.5,1605.949951171875,1612.550048828125,1578.8319091796875,137583
2022-03-14,1614.0,1630.0,1592.949951171875,1597.9000244140625,1564.48828125,116763
2022-03-15,1600.050048828125,1613.949951171875,1542.0,1544.949951171875,1512.6456298828125,113835
2022-03-16,1575.699951171875,1575.699951171875,1545.0,1548.199951171875,1515.8275146484375,122892
2022-03-17,1579.0,1582.800048828125,1522.0,1555.449951171875,1522.9259033203125,723661
2022-03-21,1560.300048828125,1633.949951171875,1550.050048828125,1559.0999755859375,1526.4996337890625,376684
2022-03-22,1574.800048828125,1579.0,1547.300048828125,1561.6500244140625,1528.9962158203125,174026
2022-03-23,1574.949951171875,1582.5999755859375,1540.699951171875,1545.199951171875,1512.8902587890625,142654
2022-03-24,1541.0,1542.0,1501.0999755859375,1520.4000244140625,1488.6087646484375,156130
2022-03-25,1525.0,1560.0,1525.0,1535.75,1503.637939453125,147425
2022-03-28,1539.0,1543.9000244140625,1488.0,1499.25,1467.901123046875,186918
2022-03-29,1514.4000244140625,1518.0,1488.0,1492.0,1460.8026123046875,194617
2022-03-30,1517.199951171875,1569.0,1504.5,1549.8499755859375,1517.4429931640625,357350
2022-03-31,1563.0,1598.949951171875,1536.550048828125,1542.300048828125,1510.0509033203125,354482
2022-04-01,1545.0,1592.5999755859375,1545.0,1566.4000244140625,1533.6470947265625,206474
2022-04-04,1580.9000244140625,1597.0,1563.0,1584.050048828125,1550.927978515625,136264
2022-04-05,1603.699951171875,1624.050048828125,1579.0,1607.449951171875,1573.838623046875,183884
2022-04-06,1601.0,1624.25,1585.300048828125,1612.75,1579.02783203125,217447
2022-04-07,1628.0,1628.0,1585.0,1591.8499755859375,1558.56494140625,153162
2022-04-08,1605.0,1620.0,1595.0,1606.3499755859375,1572.7615966796875,136859
2022-04-11,1607.9000244140625,1613.949951171875,1571.800048828125,1576.5,1543.5360107421875,118938
2022-04-12,1574.699951171875,1583.050048828125,1547.0,1552.199951171875,1519.74365234375,126513
2022-04-13,1559.800048828125,1581.0,1552.199951171875,1564.949951171875,1532.227294921875,66647
2022-04-18,1558.0,1558.0,1523.0,1539.699951171875,1507.505126953125,72727
2022-04-19,1550.0,1574.949951171875,1530.050048828125,1545.449951171875,1513.1348876953125,102178
2022-04-20,1550.0,1574.0,1523.800048828125,1548.3499755859375,1515.9742431640625,144374
2022-04-21,1561.0,1566.0,1535.25,1552.949951171875,1520.478271484375,68879
2022-04-22,1553.0,1610.0,1540.0,1592.050048828125,1558.7608642578125,228853
2022-04-25,1573.0,1647.949951171875,1555.0,1590.800048828125,1557.536865234375,170528
2022-04-26,1607.0,1620.0,1580.050048828125,1603.050048828125,1569.5306396484375,106138
2022-04-27,1590.0,1599.8499755859375,1540.5,1584.199951171875,1551.0748291015625,590965
2022-04-28,1562.0,1624.699951171875,1562.0,1603.699951171875,1570.1669921875,302299
2022-04-29,1618.4000244140625,1650.0,1615.0,1638.3499755859375,1604.092529296875,267515
2022-05-02,1620.0,1671.0,1605.5999755859375,1658.050048828125,1623.380615234375,195370
2022-05-04,1668.949951171875,1728.0,1611.0,1629.3499755859375,1595.2806396484375,496823
2022-05-05,1652.0,1657.5,1592.0,1598.6500244140625,1565.22265625,191417
2022-05-06,1560.0,1569.949951171875,1525.0,1531.6500244140625,1499.623779296875,99749
2022-05-09,1522.0,1525.0,1466.050048828125,1479.5999755859375,1448.662109375,99929
2022-05-10,1477.449951171875,1504.3499755859375,1422.1500244140625,1430.800048828125,1400.8824462890625,142543
2022-05-11,1420.0,1447.9000244140625,1380.0,1400.800048828125,1371.5096435546875,114915
2022-05-12,1391.0999755859375,1391.800048828125,1350.800048828125,1371.8499755859375,1343.1650390625,147128
2022-05-13,1410.0,1439.5,1392.5,1404.199951171875,1374.8385009765625,83435
2022-05-16,1425.699951171875,1509.800048828125,1410.050048828125,1465.75,1435.1014404296875,232954
2022-05-17,1478.0,1541.800048828125,1475.0,1509.5999755859375,1478.034423828125,146648
2022-05-18,1529.0,1548.0,1215.0,1288.300048828125,1261.362060546875,1347542
2022-05-19,1201.0,1278.6500244140625,1175.25,1213.1500244140625,1187.783447265625,1972528
2022-05-20,1245.0,1302.0,1231.25,1285.9000244140625,1259.01220703125,995109
2022-05-23,1285.9000244140625,1296.0,1234.5,1277.8499755859375,1251.1304931640625,247152
2022-05-24,1274.0,1280.5,1184.3499755859375,1190.1500244140625,1165.2642822265625,279785
2022-05-25,1198.800048828125,1212.0,1140.0,1144.949951171875,1121.00927734375,173885
2022-05-26,1140.0,1151.8499755859375,1065.0,1117.75,1094.378173828125,376263
2022-05-27,1139.800048828125,1206.0,1133.4000244140625,1193.0999755859375,1168.1527099609375,234582
2022-05-30,1215.0,1287.25,1214.0,1274.5,1247.850341796875,465801
2022-05-31,1263.9000244140625,1409.0,1245.5,1392.300048828125,1363.1875,984486
2022-06-01,1386.050048828125,1437.6500244140625,1362.550048828125,1387.449951171875,1358.438720703125,407411
2022-06-02,1376.050048828125,1417.949951171875,1357.0999755859375,1381.25,1352.368408203125,240996
2022-06-03,1400.0,1431.800048828125,1392.25,1404.1500244140625,1374.7896728515625,287163
2022-06-06,1396.0,1421.9000244140625,1358.0,1406.6500244140625,1377.2373046875,236209
2022-06-07,1380.0999755859375,1434.9000244140625,1380.0,1424.4000244140625,1394.6160888671875,281749
2022-06-08,1438.449951171875,1438.6500244140625,1390.0,1401.0999755859375,1371.803466796875,90051
2022-06-09,1387.0999755859375,1443.3499755859375,1381.050048828125,1412.4000244140625,1382.866943359375,211108
2022-06-10,1385.0,1418.0,1381.0,1389.949951171875,1360.8863525390625,229627
2022-06-13,1360.0,1376.0999755859375,1330.0,1368.800048828125,1340.1788330078125,153829
2022-06-14,1360.0,1365.0,1256.050048828125,1268.0,1241.4866943359375,515679
2022-06-15,1280.0,1293.699951171875,1245.0,1270.0999755859375,1243.54248046875,253807
2022-06-16,1284.0,1294.949951171875,1213.3499755859375,1234.75,1208.9317626953125,139270
2022-06-17,1218.0,1218.0,1153.0,1166.800048828125,1142.402587890625,395162
2022-06-20,1177.9000244140625,1185.449951171875,1106.0,1129.1500244140625,1105.539794921875,166028
2022-06-21,1148.800048828125,1171.8499755859375,1134.050048828125,1139.0,1115.183837890625,153995
2022-06-22,1138.0,1138.0,1095.0,1100.0,1076.999267578125,175612
2022-06-23,1109.25,1218.699951171875,1052.0,1193.6500244140625,1168.691162109375,1561677
2022-06-24,1240.0,1328.75,1225.0,1261.199951171875,1234.82861328125,3222353
2022-06-27,1285.0,1383.699951171875,1266.300048828125,1365.800048828125,1337.2413330078125,1454315
2022-06-28,1350.0,1379.0,1316.8499755859375,1327.050048828125,1299.3018798828125,1118156
2022-06-29,1270.0,1298.0,1235.0,1240.050048828125,1214.1212158203125,1160889
2022-06-30,1242.0,1294.949951171875,1216.0,1242.8499755859375,1216.8624267578125,1059656
2022-07-01,1242.0,1290.0,1241.050048828125,1268.0999755859375,1241.5843505859375,655866
2022-07-04,1278.0,1284.9000244140625,1255.75,1268.0,1241.4866943359375,210875
2022-07-05,1269.050048828125,1275.0,1240.0,1247.199951171875,1221.1214599609375,253871
2022-07-06,1240.0,1263.949951171875,1230.8499755859375,1243.0,1217.009033203125,160623
2022-07-07,1258.9000244140625,1314.949951171875,1247.050048828125,1305.0,1277.712646484375,526887
2022-07-08,1318.0,1318.0999755859375,1282.0,1288.5,1261.557861328125,156217
2022-07-11,1282.800048828125,1329.300048828125,1280.0,1303.300048828125,1276.0484619140625,325122
2022-07-12,1298.300048828125,1315.949951171875,1271.1500244140625,1280.8499755859375,1254.067626953125,193836
2022-07-13,1289.800048828125,1289.800048828125,1264.0,1274.6500244140625,1247.997314453125,132893
2022-07-14,1272.949951171875,1313.0,1257.550048828125,1304.0,1278.740234375,283703
2022-07-15,1305.0,1321.0,1291.0,1304.8499755859375,1279.573486328125,156749
2022-07-18,1313.0,1344.0,1306.0,1338.949951171875,1313.0128173828125,218742
2022-07-19,1334.800048828125,1358.9000244140625,1325.25,1347.9000244140625,1321.789794921875,144161
2022-07-20,1360.0,1378.9000244140625,1350.5,1363.8499755859375,1337.4305419921875,184218
2022-07-21,1360.800048828125,1374.0,1351.4000244140625,1365.800048828125,1339.3431396484375,98741
2022-07-22,1371.0,1376.75,1350.0,1355.75,1329.48779296875,70086
2022-07-25,1359.0,1359.0,1320.5,1333.449951171875,1307.61962890625,154736
2022-07-26,1326.0,1349.9000244140625,1301.0,1304.0999755859375,1278.8382568359375,373078
2022-07-27,1302.0,1314.0,1208.0,1213.699951171875,1190.189208984375,627033
2022-07-28,1221.9000244140625,1248.949951171875,1201.0,1235.449951171875,1211.5179443359375,559352
2022-07-29,1251.949951171875,1449.0,1245.3499755859375,1400.5999755859375,1373.4688720703125,2951453
2022-08-01,1427.800048828125,1511.0,1400.0,1491.6500244140625,1462.755126953125,1920280
2022-08-02,1489.800048828125,1526.550048828125,1442.199951171875,1490.949951171875,1462.068603515625,732156
2022-08-03,1490.0,1518.4000244140625,1463.050048828125,1476.9000244140625,1448.2908935546875,428423
2022-08-04,1486.949951171875,1515.550048828125,1435.050048828125,1445.800048828125,1417.7933349609375,439448
2022-08-05,1449.800048828125,1494.0,1446.949951171875,1474.25,1445.6920166015625,333305
2022-08-08,1474.699951171875,1500.0,1448.0,1494.9000244140625,1465.942138671875,395779
2022-08-10,1497.9000244140625,1506.0999755859375,1471.9000244140625,1488.0,1459.17578125,245565
2022-08-11,1496.0,1508.800048828125,1463.5999755859375,1469.8499755859375,1441.3773193359375,179388
2022-08-12,1468.0,1490.0,1465.050048828125,1470.699951171875,1442.2110595703125,130591
2022-08-16,1481.9000244140625,1499.800048828125,1471.050048828125,1481.449951171875,1452.752685546875,109783
2022-08-17,1486.699951171875,1571.4000244140625,1484.050048828125,1539.5,1509.67822265625,921722
2022-08-18,1544.699951171875,1578.0,1525.0,1533.449951171875,1503.745361328125,345685
2022-08-19,1536.0,1540.0,1470.6500244140625,1484.550048828125,1455.7926025390625,244409
2022-08-22,1488.0,1488.0,1425.550048828125,1431.8499755859375,1404.1134033203125,222105
2022-08-23,1415.0,1428.5999755859375,1390.0999755859375,1400.25,1373.1256103515625,232879
2022-08-24,1403.0,1435.0,1400.1500244140625,1417.0,1389.5511474609375,157267
2022-08-25,1433.4000244140625,1513.199951171875,1425.050048828125,1473.3499755859375,1444.8096923828125,1016684
2022-08-26,1482.5,1590.0,1465.199951171875,1565.050048828125,1534.7333984375,726865
2022-08-29,1455.0,1532.0,1455.0,1499.75,1470.6981201171875,339849
2022-08-30,1521.0,1545.5,1506.050048828125,1519.300048828125,1489.8695068359375,216136
2022-09-01,1509.0,1540.300048828125,1430.0,1466.050048828125,1437.6510009765625,1415673
2022-09-02,1470.0,1479.449951171875,1432.0999755859375,1436.8499755859375,1409.0167236328125,257706
2022-09-05,1443.1500244140625,1472.3499755859375,1440.0,1444.199951171875,1416.2242431640625,180410
2022-09-06,1469.699951171875,1469.699951171875,1445.4000244140625,1450.949951171875,1422.843505859375,148768
2022-09-07,1445.0,1478.800048828125,1443.0,1463.5999755859375,1435.248291015625,119702
2022-09-08,1478.5,1485.0,1455.0,1461.4000244140625,1433.0911865234375,105888
2022-09-09,1468.699951171875,1480.0,1465.0,1468.050048828125,1439.6123046875,124472
2022-09-12,1474.4000244140625,1488.800048828125,1470.199951171875,1477.5999755859375,1448.9774169921875,126061
2022-09-13,1485.0,1495.0,1465.300048828125,1474.5999755859375,1446.0352783203125,168910
2022-09-14,1460.0,1468.0,1446.050048828125,1454.800048828125,1426.6187744140625,62177
2022-09-15,1462.0999755859375,1469.199951171875,1440.0,1443.6500244140625,1415.6849365234375,61604
2022-09-16,1446.5,1464.0,1412.8499755859375,1430.800048828125,1403.0838623046875,153219
2022-09-19,1430.0,1454.449951171875,1415.0,1418.5,1391.0220947265625,101103
2022-09-20,1425.5999755859375,1440.0,1415.800048828125,1429.199951171875,1401.5147705078125,117407
2022-09-21,1429.199951171875,1431.949951171875,1395.0999755859375,1403.550048828125,1376.3616943359375,137976
2022-09-22,1403.550048828125,1409.75,1388.0999755859375,1390.550048828125,1363.613525390625,112313
2022-09-23,1391.0,1397.550048828125,1332.550048828125,1351.4000244140625,1325.2220458984375,147424
2022-09-26,1336.0,1342.5999755859375,1230.300048828125,1293.800048828125,1268.73779296875,224373
2022-09-27,1289.0,1355.0,1285.0,1322.8499755859375,1297.2249755859375,280200
2022-09-28,1328.0,1393.0,1322.9000244140625,1368.5,1341.99072265625,534208
2022-09-29,1379.0,1392.9000244140625,1331.0,1338.300048828125,1312.3756103515625,99955
2022-09-30,1338.0,1403.0999755859375,1320.199951171875,1367.1500244140625,1340.6669921875,196275
2022-10-03,1367.1500244140625,1393.949951171875,1327.199951171875,1376.1500244140625,1349.492431640625,148144
2022-10-04,1398.9000244140625,1415.5,1368.0,1392.300048828125,1365.3297119140625,166344
2022-10-06,1399.300048828125,1430.0,1380.0,1390.550048828125,1363.613525390625,158256
2022-10-07,1390.0,1406.0,1363.050048828125,1383.949951171875,1357.141357421875,182454
2022-10-10,1366.0,1375.449951171875,1356.0,1366.800048828125,1340.3236083984375,78212
2022-10-11,1373.6500244140625,1427.5999755859375,1372.199951171875,1405.75,1378.5191650390625,389791
2022-10-12,1400.0,1429.5,1382.699951171875,1420.6500244140625,1393.1304931640625,184885
2022-10-13,1420.0,1422.5999755859375,1379.75,1383.4000244140625,1356.60205078125,57705
2022-10-14,1410.0,1434.5,1385.0,1395.25,1368.2225341796875,94725
2022-10-17,1390.0,1424.9000244140625,1370.050048828125,1381.9000244140625,1355.131103515625,106045
2022-10-18,1388.8499755859375,1392.550048828125,1375.4000244140625,1380.5,1353.758056640625,57393
2022-10-19,1386.0,1389.449951171875,1365.0999755859375,1370.699951171875,1344.1478271484375,56533
2022-10-20,1365.0,1417.5999755859375,1361.800048828125,1392.5999755859375,1365.6236572265625,197884
2022-10-21,1398.75,1398.75,1296.6500244140625,1307.75,1282.4173583984375,578133
2022-10-24,1349.0,1349.9000244140625,1326.050048828125,1333.0999755859375,1307.2763671875,67286
2022-10-25,1339.0,1353.0,1316.25,1333.1500244140625,1307.325439453125,140931
2022-10-27,1341.699951171875,1345.0,1313.1500244140625,1319.449951171875,1293.8907470703125,87148
2022-10-28,1326.050048828125,1331.949951171875,1302.050048828125,1308.5999755859375,1283.2509765625,88044
2022-10-31,1315.1500244140625,1343.800048828125,1306.0,1310.050048828125,1284.6729736328125,133095
2022-11-01,1311.0,1337.8499755859375,1311.0,1321.050048828125,1298.4332275390625,96821
2022-11-02,1324.4000244140625,1348.0,1324.4000244140625,1336.6500244140625,1313.7662353515625,118192
2022-11-03,1333.0,1343.0999755859375,1320.0,1334.0,1311.16162109375,61844
2022-11-04,1334.0,1341.3499755859375,1316.5999755859375,1325.300048828125,1302.6104736328125,67408
2022-11-07,1331.949951171875,1337.9000244140625,1300.0,1313.8499755859375,1291.3564453125,73343
2022-11-09,1315.5999755859375,1323.9000244140625,1296.9000244140625,1301.3499755859375,1279.070556640625,75724
2022-11-10,1298.0,1300.0,1275.0,1279.9000244140625,1257.98779296875,70581
2022-11-11,1286.300048828125,1340.0,1285.300048828125,1327.449951171875,1304.7236328125,284466
2022-11-14,1334.0999755859375,1339.0999755859375,1305.800048828125,1317.25,1294.6982421875,75337
2022-11-15,1323.0,1340.0,1311.0,1335.300048828125,1312.439453125,130095
2022-11-16,1333.199951171875,1334.300048828125,1312.75,1324.25,1301.578369140625,55345
2022-11-17,1320.0,1340.0,1315.0,1326.75,1304.0357666015625,59454
2022-11-18,1344.0,1359.25,1308.0,1314.550048828125,1292.0445556640625,173687
2022-11-21,1319.050048828125,1338.8499755859375,1311.800048828125,1323.75,1301.0870361328125,87386
2022-11-22,1330.4000244140625,1360.0,1315.0,1320.0,1297.4012451171875,127576
2022-11-23,1324.0,1331.949951171875,1300.0999755859375,1305.0,1282.6578369140625,99351
2022-11-24,1311.550048828125,1311.550048828125,1280.25,1289.5,1267.423583984375,143718
2022-11-25,1295.949951171875,1314.949951171875,1286.0,1297.449951171875,1275.2371826171875,120323
2022-11-28,1292.199951171875,1319.949951171875,1292.199951171875,1307.8499755859375,1285.459228515625,80094
2022-11-29,1307.949951171875,1309.9000244140625,1300.050048828125,1302.949951171875,1280.64306640625,42588
2022-11-30,1308.699951171875,1331.8499755859375,1303.800048828125,1327.9000244140625,1305.166015625,87823
2022-12-01,1345.0,1399.0,1332.5,1353.8499755859375,1330.671630859375,663469
2022-12-02,1360.0,1368.0,1343.3499755859375,1349.199951171875,1326.101318359375,149695
2022-12-05,1354.0,1355.8499755859375,1332.25,1347.199951171875,1324.135498046875,85962
2022-12-06,1345.0,1350.6500244140625,1332.550048828125,1343.800048828125,1320.793701171875,51053
2022-12-07,1346.949951171875,1346.949951171875,1320.0,1325.800048828125,1303.10205078125,46527
2022-12-08,1326.0,1332.3499755859375,1292.199951171875,1297.9000244140625,1275.679443359375,93376
2022-12-09,1312.0,1316.3499755859375,1290.0,1297.300048828125,1275.090087890625,58769
2022-12-12,1303.800048828125,1304.800048828125,1283.6500244140625,1295.949951171875,1273.7630615234375,55318
2022-12-13,1309.0,1314.949951171875,1296.0,1300.4000244140625,1278.1368408203125,51602
2022-12-14,1307.699951171875,1307.699951171875,1291.0999755859375,1294.3499755859375,1272.1903076171875,41850
2022-12-15,1290.0,1300.0,1284.0,1293.0,1270.863525390625,41141
2022-12-16,1287.949951171875,1305.0,1281.050048828125,1297.550048828125,1275.3355712890625,66725
2022-12-19,1298.0,1298.0,1282.550048828125,1285.25,1263.2462158203125,37424
2022-12-20,1272.199951171875,1282.4000244140625,1251.5999755859375,1253.550048828125,1232.0888671875,105619
2022-12-21,1254.0999755859375,1272.949951171875,1249.0,1253.8499755859375,1232.383544921875,100519
2022-12-22,1254.0,1260.949951171875,1203.9000244140625,1212.6500244140625,1191.8890380859375,127061
2022-12-23,1200.0,1209.5999755859375,1150.0,1153.5,1133.751708984375,131909
2022-12-26,1159.949951171875,1194.9000244140625,1149.0,1187.25,1166.9237060546875,69289
2022-12-27,1234.0,1234.0,1195.300048828125,1209.800048828125,1189.0877685546875,79253
2022-12-28,1209.800048828125,1224.0,1201.0999755859375,1212.6500244140625,1191.8890380859375,33969
2022-12-29,1216.0,1220.050048828125,1193.0999755859375,1204.0,1183.38720703125,44318
2022-12-30,1215.0,1230.0,1205.0,1215.5999755859375,1194.78857421875,45422
2023-01-02,1220.5,1225.800048828125,1215.0,1216.449951171875,1195.6239013671875,33436
2023-01-03,1221.699951171875,1246.949951171875,1212.0,1219.800048828125,1198.9166259765625,69753
2023-01-04,1225.9000244140625,1229.8499755859375,1210.0,1213.5,1192.724609375,37994
2023-01-05,1223.4000244140625,1223.4000244140625,1195.75,1207.25,1186.58154296875,33850
2023-01-06,1211.699951171875,1211.699951171875,1185.050048828125,1194.050048828125,1173.6075439453125,32464
2023-01-09,1204.699951171875,1212.8499755859375,1185.0,1193.449951171875,1173.017822265625,32007
2023-01-10,1198.699951171875,1211.800048828125,1185.5999755859375,1191.5,1171.101318359375,59472
2023-01-11,1196.699951171875,1196.699951171875,1182.050048828125,1188.8499755859375,1168.4964599609375,44415
2023-01-12,1215.0,1250.0,1182.699951171875,1199.4000244140625,1178.8658447265625,326357
2023-01-13,1187.0,1200.0,1183.5999755859375,1191.449951171875,1171.052001953125,58922
2023-01-16,1197.449951171875,1221.9000244140625,1193.199951171875,1210.25,1189.5301513671875,92346
2023-01-17,1214.4000244140625,1217.25,1185.0,1200.0,1179.4556884765625,143289
2023-01-18,1205.699951171875,1206.949951171875,1186.0,1192.699951171875,1172.280517578125,64681
2023-01-19,1185.0,1192.0,1170.050048828125,1173.1500244140625,1153.0654296875,94513
2023-01-20,1179.050048828125,1191.699951171875,1161.25,1176.300048828125,1156.1614990234375,141162
2023-01-23,1182.1500244140625,1222.449951171875,1136.199951171875,1142.199951171875,1122.6453857421875,968232
2023-01-24,1178.0,1295.3499755859375,1148.0999755859375,1229.75,1208.6962890625,5281952
2023-01-25,1232.550048828125,1287.449951171875,1232.25,1246.9000244140625,1225.552490234375,1745900
2023-01-27,1249.0,1259.550048828125,1176.4000244140625,1204.949951171875,1184.321044921875,633503
2023-01-30,1214.699951171875,1229.9000244140625,1157.3499755859375,1164.699951171875,1144.760009765625,254876
2023-01-31,1176.0,1268.3499755859375,1165.9000244140625,1230.25,1209.187744140625,1281350
2023-02-01,1233.5,1269.9000244140625,1190.0,1211.199951171875,1190.4638671875,360553
2023-02-02,1198.0,1235.75,1193.0,1201.550048828125,1180.9791259765625,164891
2023-02-03,1209.0,1222.0999755859375,1166.0999755859375,1188.3499755859375,1168.0050048828125,216624
2023-02-06,1188.699951171875,1207.699951171875,1177.25,1192.199951171875,1171.7889404296875,150145
2023-02-07,1192.199951171875,1197.949951171875,1167.0,1176.800048828125,1162.50341796875,130929
2023-02-08,1175.050048828125,1212.0,1170.8499755859375,1176.4000244140625,1162.1082763671875,301309
2023-02-09,1183.0,1262.75,1168.050048828125,1250.0,1234.814208984375,859976
2023-02-10,1238.8499755859375,1288.0,1234.0,1269.800048828125,1254.37353515625,485760
2023-02-13,1275.75,1298.9000244140625,1247.199951171875,1260.25,1244.9395751953125,313375
2023-02-14,1258.0,1263.0,1222.5,1248.3499755859375,1233.1842041015625,256410
2023-02-15,1248.0,1267.75,1233.0,1252.550048828125,1237.3331298828125,136484
2023-02-16,1255.800048828125,1321.0,1255.75,1308.4000244140625,1292.5048828125,441585
2023-02-17,1302.0,1334.0,1292.0,1328.800048828125,1312.65673828125,442020
2023-02-20,1328.800048828125,1360.9000244140625,1316.699951171875,1325.949951171875,1309.84130859375,260523
2023-02-21,1329.0,1348.5,1328.0,1333.300048828125,1317.1021728515625,99871
2023-02-22,1330.9000244140625,1330.9000244140625,1292.050048828125,1309.699951171875,1293.7889404296875,168354
2023-02-23,1330.0,1361.4000244140625,1303.0,1357.5999755859375,1341.10693359375,348767
2023-02-24,1364.4000244140625,1373.050048828125,1324.199951171875,1336.9000244140625,1320.6585693359375,223785
2023-02-27,1338.25,1346.5,1295.9000244140625,1339.6500244140625,1323.375,166397
2023-02-28,1343.699951171875,1367.1500244140625,1321.199951171875,1344.5999755859375,1328.264892578125,140698
2023-03-01,1351.949951171875,1365.699951171875,1336.0,1338.8499755859375,1322.584716796875,91312
2023-03-02,1345.0,1353.699951171875,1311.0,1315.0999755859375,1299.123291015625,86345
2023-03-03,1324.5,1336.300048828125,1314.050048828125,1319.5,1303.4697265625,57368
2023-03-06,1328.0,1355.0,1318.0,1322.550048828125,1306.4827880859375,122687
2023-03-08,1311.0,1342.949951171875,1302.5,1314.0,1298.0364990234375,137000
2023-03-09,1317.300048828125,1339.5,1292.699951171875,1311.050048828125,1295.12255859375,170878
2023-03-10,1299.0,1358.0,1282.300048828125,1348.300048828125,1331.9200439453125,242859
2023-03-13,1348.300048828125,1369.9000244140625,1318.199951171875,1347.300048828125,1330.9320068359375,362969
2023-03-14,1352.550048828125,1354.0,1311.0,1316.4000244140625,1300.4073486328125,212453
2023-03-15,1327.0,1338.0,1271.0,1283.699951171875,1268.1044921875,130061
2023-03-16,1276.0,1287.5999755859375,1232.699951171875,1265.449951171875,1250.0762939453125,121093
2023-03-17,1273.949951171875,1306.5999755859375,1272.0,1284.949951171875,1269.3394775390625,143820
2023-03-20,1282.199951171875,1355.5999755859375,1266.550048828125,1346.8499755859375,1330.4874267578125,460800
2023-03-21,1346.300048828125,1366.5,1320.0,1353.449951171875,1337.00732421875,190630
2023-03-22,1355.0,1362.949951171875,1325.0,1334.5,1318.28759765625,131876
2023-03-23,1332.75,1344.5,1316.300048828125,1335.75,1319.5223388671875,134189
2023-03-24,1327.0,1339.550048828125,1300.800048828125,1315.6500244140625,1299.6666259765625,125205
2023-03-27,1313.0,1341.0,1295.050048828125,1319.8499755859375,1303.8155517578125,155480
2023-03-28,1320.0,1369.0,1316.5999755859375,1360.4000244140625,1343.872802734375,377183
2023-03-29,1360.0,1385.1500244140625,1343.0,1350.9000244140625,1334.4884033203125,305710
2023-03-31,1353.1500244140625,1377.550048828125,1353.0,1365.9000244140625,1349.30615234375,158823
2023-04-03,1365.0,1391.449951171875,1345.0,1354.800048828125,1338.3409423828125,157509
2023-04-05,1364.0,1379.0,1321.0999755859375,1330.0999755859375,1313.9410400390625,132634
2023-04-06,1334.949951171875,1337.6500244140625,1275.050048828125,1276.75,1261.2388916015625,282828
2023-04-10,1283.0,1289.800048828125,1250.3499755859375,1257.5,1242.2230224609375,195938
2023-04-11,1267.1500244140625,1274.0,1212.0,1215.75,1200.9801025390625,474570
2023-04-12,1223.300048828125,1277.9000244140625,1209.0,1271.050048828125,1255.6085205078125,1027130
2023-04-13,1275.0,1280.9000244140625,1252.699951171875,1270.199951171875,1254.7685546875,168968
2023-04-17,1262.949951171875,1285.0,1251.050048828125,1269.5,1254.0771484375,123478
2023-04-18,1272.0,1275.800048828125,1241.75,1251.300048828125,1236.098388671875,496367
2023-04-19,1265.949951171875,1292.800048828125,1265.949951171875,1278.25,1262.720947265625,205978
2023-04-20,1286.699951171875,1286.699951171875,1248.199951171875,1255.300048828125,1240.0499267578125,165218
2023-04-21,1262.0999755859375,1262.0999755859375,1237.0,1246.9000244140625,1231.751708984375,93011
2023-04-24,1257.0,1268.9000244140625,1241.800048828125,1254.050048828125,1238.81494140625,103998
2023-04-25,1265.0,1266.0,1249.0,1251.5999755859375,1236.394775390625,75689
2023-04-26,1256.5999755859375,1256.5999755859375,1238.0,1246.5999755859375,1231.455322265625,73589
2023-04-27,1247.5,1270.6500244140625,1238.5,1263.0,1247.65625,135233
2023-04-28,1265.9000244140625,1274.300048828125,1259.0999755859375,1270.75,1255.312255859375,89727
2023-05-02,1275.0,1294.0,1266.550048828125,1287.75,1272.10546875,191415
2023-05-03,1291.0,1292.5,1253.0,1259.5,1244.1986083984375,109628
2023-05-04,1262.0,1278.0,1255.050048828125,1265.0,1249.6318359375,76415
2023-05-05,1265.0,1291.9000244140625,1265.0,1284.050048828125,1268.450439453125,212800
2023-05-08,1292.0,1308.0,1281.050048828125,1290.8499755859375,1275.1678466796875,136748
2023-05-09,1291.0,1300.0,1285.0,1290.0,1274.328125,66433
2023-05-10,1294.800048828125,1294.800048828125,1277.0,1284.300048828125,1268.6976318359375,46757
2023-05-11,1285.0,1303.0999755859375,1278.5,1292.25,1276.55078125,190932
2023-05-12,1286.300048828125,1305.699951171875,1280.25,1301.050048828125,1285.2440185546875,103804
2023-05-15,1304.699951171875,1379.0999755859375,1298.0,1365.199951171875,1348.6146240234375,620065
2023-05-16,1378.8499755859375,1427.9000244140625,1372.25,1381.199951171875,1364.4202880859375,597504
2023-05-17,1381.199951171875,1424.550048828125,1365.0,1389.1500244140625,1372.273681640625,257134
2023-05-18,1396.5999755859375,1412.0,1372.0,1383.0,1366.1982421875,124636
2023-05-19,1389.9000244140625,1442.4000244140625,1355.0,1398.199951171875,1381.213623046875,816178
2023-05-22,1435.0,1474.949951171875,1390.0,1406.5,1389.412841796875,935960
2023-05-23,1412.800048828125,1529.5999755859375,1409.1500244140625,1468.3499755859375,1450.5113525390625,2188211
2023-05-24,1461.449951171875,1468.9000244140625,1431.9000244140625,1452.25,1434.60693359375,417464
2023-05-25,1455.4000244140625,1488.5999755859375,1446.0,1459.300048828125,1441.5714111328125,217651
2023-05-26,1464.699951171875,1464.699951171875,1427.0,1440.75,1423.24658203125,153817
2023-05-29,1443.5,1479.0,1427.3499755859375,1462.050048828125,1444.2880859375,285075
2023-05-30,1459.0,1465.0,1421.0,1431.550048828125,1414.1585693359375,193083
2023-05-31,1427.0,1455.0,1406.25,1437.1500244140625,1419.6904296875,303239
2023-06-01,1444.199951171875,1478.0,1442.8499755859375,1456.75,1439.052490234375,220218
2023-06-02,1465.0,1509.75,1462.449951171875,1498.0999755859375,1479.900146484375,473477
2023-06-05,1506.5,1519.0,1477.75,1494.050048828125,1475.8992919921875,145802
2023-06-06,1494.5,1546.949951171875,1490.6500244140625,1519.8499755859375,1501.3858642578125,440065
2023-06-07,1525.0,1542.0,1521.75,1531.050048828125,1512.44970703125,172722
2023-06-08,1535.5999755859375,1537.5,1476.5999755859375,1484.25,1466.21826171875,156705
2023-06-09,1484.4000244140625,1496.550048828125,1452.0,1491.0,1472.88623046875,296836
2023-06-12,1495.800048828125,1518.949951171875,1486.25,1498.050048828125,1479.8507080078125,141626
2023-06-13,1500.6500244140625,1524.75,1500.0,1503.949951171875,1485.6790771484375,163687
2023-06-14,1508.699951171875,1553.800048828125,1508.0,1529.8499755859375,1511.264404296875,227433
2023-06-15,1552.949951171875,1583.800048828125,1542.0,1561.4000244140625,1542.430908203125,382133
2023-06-16,1563.4000244140625,1597.050048828125,1559.5999755859375,1574.3499755859375,1555.2236328125,244049
2023-06-19,1579.4000244140625,1596.0,1562.3499755859375,1573.449951171875,1554.3345947265625,176982
2023-06-20,1575.949951171875,1645.4000244140625,1568.050048828125,1642.1500244140625,1622.2000732421875,625935
2023-06-21,1646.0,1655.0,1609.050048828125,1616.0999755859375,1596.4664306640625,274593
2023-06-22,1618.0,1627.1500244140625,1566.050048828125,1575.300048828125,1556.162109375,153924
2023-06-23,1577.3499755859375,1607.949951171875,1540.050048828125,1554.050048828125,1535.1702880859375,197862
2023-06-26,1557.699951171875,1638.0,1554.050048828125,1602.8499755859375,1583.37744140625,452742
2023-06-27,1607.0,1618.449951171875,1590.800048828125,1595.5,1576.11669921875,229665
2023-06-28,1602.0,1622.0,1586.050048828125,1590.5999755859375,1571.276123046875,142145
2023-06-30,1596.0999755859375,1619.800048828125,1584.5999755859375,1593.0999755859375,1573.7457275390625,100041
2023-07-03,1602.0,1647.699951171875,1601.949951171875,1607.4000244140625,1587.8721923828125,286699
2023-07-04,1613.949951171875,1638.6500244140625,1594.050048828125,1610.3499755859375,1590.7862548828125,152871
2023-07-05,1610.0,1633.6500244140625,1595.0999755859375,1609.300048828125,1589.749267578125,110042
2023-07-06,1609.699951171875,1633.0,1599.1500244140625,1612.300048828125,1592.712646484375,189156
2023-07-07,1605.199951171875,1614.0,1576.0,1580.75,1561.5460205078125,181676
2023-07-10,1585.0,1597.0,1546.050048828125,1553.1500244140625,1534.28125,166636
2023-07-11,1553.1500244140625,1595.699951171875,1551.0,1592.550048828125,1573.2025146484375,130994
2023-07-12,1599.0,1628.8499755859375,1589.4000244140625,1612.050048828125,1592.4656982421875,498023
2023-07-13,1615.75,1698.0,1615.75,1636.449951171875,1616.5693359375,869282
2023-07-14,1641.4000244140625,1673.9000244140625,1620.449951171875,1625.3499755859375,1605.6041259765625,204637
2023-07-17,1640.0,1759.9000244140625,1474.0,1488.0,1469.9227294921875,7393624
2023-07-18,1490.0,1549.0,1471.0999755859375,1489.8499755859375,1471.7503662109375,2630509
2023-07-19,1500.0,1510.9000244140625,1484.4000244140625,1489.75,1471.6513671875,523426
2023-07-20,1493.0,1511.25,1486.3499755859375,1489.3499755859375,1471.25634765625,351434
2023-07-21,1488.699951171875,1496.050048828125,1478.6500244140625,1490.4000244140625,1472.2935791015625,287268
2023-07-24,1489.8499755859375,1505.4000244140625,1485.0,1490.699951171875,1472.5899658203125,208369
2023-07-25,1496.699951171875,1500.0,1485.0999755859375,1486.5999755859375,1468.5396728515625,241149
2023-07-26,1488.050048828125,1536.800048828125,1485.050048828125,1527.75,1509.18994140625,497634
2023-07-27,1530.1500244140625,1544.949951171875,1527.75,1537.699951171875,1519.01904296875,224898
2023-07-28,1540.0,1559.699951171875,1490.0,1500.800048828125,1482.5672607421875,964205
2023-07-31,1500.949951171875,1516.5,1490.0,1500.0999755859375,1481.875732421875,302028
2023-08-01,1504.0,1529.0,1492.0,1525.0,1506.473388671875,480733
2023-08-02,1523.4000244140625,1536.9000244140625,1492.0,1498.75,1480.5423583984375,394510
2023-08-03,1490.4000244140625,1499.550048828125,1480.050048828125,1493.050048828125,1474.911376953125,195783
2023-08-04,1499.4000244140625,1507.949951171875,1479.0,1481.300048828125,1466.2503662109375,612143
2023-08-07,1481.300048828125,1491.800048828125,1472.0,1481.5999755859375,1466.5472412109375,167105
2023-08-08,1489.699951171875,1489.699951171875,1466.4000244140625,1473.5999755859375,1458.62841796875,411441
2023-08-09,1480.0,1519.5999755859375,1480.0,1512.4000244140625,1497.0343017578125,394438
2023-08-10,1510.0,1524.9000244140625,1502.449951171875,1519.3499755859375,1503.9136962890625,283767
2023-08-11,1527.0,1531.3499755859375,1510.0999755859375,1514.699951171875,1499.31103515625,220168
2023-08-14,1510.0,1528.0,1499.050048828125,1520.050048828125,1504.606689453125,151252
2023-08-16,1519.699951171875,1542.0999755859375,1511.050048828125,1533.0999755859375,1517.52392578125,147956
2023-08-17,1530.550048828125,1539.0,1515.0999755859375,1530.8499755859375,1515.296875,247046
2023-08-18,1534.5,1557.800048828125,1521.949951171875,1535.5999755859375,1519.9986572265625,315697
2023-08-21,1560.0,1560.0,1532.0,1535.199951171875,1519.6026611328125,229188
2023-08-22,1545.050048828125,1554.0,1541.0,1545.3499755859375,1529.6495361328125,164042
2023-08-23,1549.699951171875,1559.800048828125,1546.0,1557.75,1541.923583984375,157431
2023-08-24,1560.8499755859375,1562.9000244140625,1543.449951171875,1548.5999755859375,1532.8665771484375,131949
2023-08-25,1554.800048828125,1559.050048828125,1522.0,1529.699951171875,1514.158447265625,187501
2023-08-28,1530.0,1543.050048828125,1522.199951171875,1523.1500244140625,1507.6751708984375,95696
2023-08-29,1530.0,1548.0,1528.0,1531.449951171875,1515.8907470703125,83339
2023-08-30,1532.550048828125,1563.949951171875,1532.550048828125,1559.0999755859375,1543.259765625,228768
2023-08-31,1555.0,1578.6500244140625,1544.0999755859375,1570.5,1554.5439453125,234810
2023-09-01,1574.0,1574.699951171875,1542.0,1553.6500244140625,1537.8653564453125,257927
2023-09-04,1558.0,1560.0,1546.0,1548.3499755859375,1532.618896484375,106036
2023-09-05,1548.699951171875,1558.0,1546.699951171875,1553.25,1537.4693603515625,94633
2023-09-06,1557.1500244140625,1560.3499755859375,1541.0,1547.5999755859375,1533.851806640625,67829
2023-09-07,1543.949951171875,1561.1500244140625,1543.949951171875,1551.6500244140625,1537.8658447265625,159022
2023-09-08,1555.1500244140625,1569.0,1550.4000244140625,1565.0,1551.09716796875,132443
2023-09-11,1565.0,1614.8499755859375,1565.0,1590.800048828125,1576.66796875,572147
2023-09-12,1595.0,1602.4000244140625,1555.0,1568.550048828125,1554.61572265625,333852
2023-09-13,1564.9000244140625,1594.9000244140625,1544.800048828125,1580.9000244140625,1566.8560791015625,214355
2023-09-14,1596.449951171875,1600.0,1580.0,1594.300048828125,1580.136962890625,148459
2023-09-15,1595.949951171875,1603.550048828125,1578.0,1591.699951171875,1577.5599365234375,172525
2023-09-18,1595.0,1598.699951171875,1565.75,1580.4000244140625,1566.3603515625,89031
2023-09-20,1576.0,1593.9000244140625,1571.0,1578.300048828125,1564.2791748046875,77944
2023-09-21,1575.0,1580.0,1552.0,1568.699951171875,1554.7642822265625,91951
2023-09-22,1563.0,1585.0,1563.0,1577.0999755859375,1563.089599609375,109983
2023-09-25,1577.0999755859375,1599.800048828125,1561.199951171875,1562.1500244140625,1548.2725830078125,106878
2023-09-26,1565.0,1569.9000244140625,1550.0,1551.550048828125,1537.7667236328125,107948
2023-09-27,1555.0,1566.449951171875,1553.6500244140625,1560.800048828125,1546.9345703125,146785
2023-09-28,1560.0,1584.5,1558.75,1578.050048828125,1564.03125,257457
2023-09-29,1583.1500244140625,1594.0,1566.0,1590.550048828125,1576.4202880859375,187280
2023-10-03,1585.0,1586.300048828125,1561.0,1562.800048828125,1548.9168701171875,78996
2023-10-04,1561.9000244140625,1567.8499755859375,1550.6500244140625,1559.75,1545.8939208984375,104999
2023-10-05,1559.75,1566.4000244140625,1552.25,1562.449951171875,1548.5697021484375,87112
2023-10-06,1562.050048828125,1569.0,1555.6500244140625,1557.8499755859375,1544.0106201171875,63922
2023-10-09,1552.5,1563.0,1542.800048828125,1557.3499755859375,1543.51513671875,95571
2023-10-10,1559.949951171875,1563.0,1552.0,1560.550048828125,1546.6866455078125,66099
2023-10-11,1560.550048828125,1573.0,1553.0,1556.0999755859375,1542.2762451171875,87760
2023-10-12,1564.5,1589.800048828125,1556.1500244140625,1583.449951171875,1569.3831787109375,181051
2023-10-13,1582.25,1583.0999755859375,1566.699951171875,1574.25,1560.2650146484375,52014
2023-10-16,1565.0,1584.4000244140625,1562.050048828125,1582.300048828125,1568.2435302734375,89020
2023-10-17,1585.050048828125,1598.800048828125,1580.0999755859375,1583.449951171875,1569.3831787109375,184513
2023-10-18,1593.0,1593.0,1581.5999755859375,1582.75,1568.6895751953125,76483
2023-10-19,1582.75,1592.3499755859375,1569.75,1573.3499755859375,1559.3729248046875,125142
2023-10-20,1571.0,1581.4000244140625,1562.6500244140625,1568.0999755859375,1554.169677734375,56798
2023-10-23,1569.949951171875,1584.0,1556.0,1558.050048828125,1544.208984375,161472
2023-10-25,1559.949951171875,1576.0,1556.0,1562.050048828125,1548.1734619140625,104377
2023-10-26,1557.949951171875,1564.949951171875,1544.0,1553.0999755859375,1539.3028564453125,130366
2023-10-27,1560.449951171875,1585.0,1559.0999755859375,1579.199951171875,1565.1710205078125,169414
2023-10-30,1595.0,1597.6500244140625,1565.199951171875,1567.199951171875,1553.277587890625,96066
2023-10-31,1575.0,1575.199951171875,1549.0,1553.199951171875,1539.4019775390625,171136
2023-11-01,1550.6500244140625,1572.0,1550.199951171875,1557.1500244140625,1543.31689453125,83322
2023-11-02,1561.5999755859375,1571.949951171875,1558.0,1567.0999755859375,1553.178466796875,53702
2023-11-03,1570.0,1572.949951171875,1554.0,1556.6500244140625,1545.7806396484375,37006
2023-11-06,1560.0,1568.0,1551.5,1559.75,1548.8590087890625,64054
2023-11-07,1559.75,1565.300048828125,1554.0,1558.800048828125,1547.9156494140625,108754
2023-11-08,1558.800048828125,1567.25,1552.5,1558.9000244140625,1548.014892578125,40914
2023-11-09,1564.0,1566.0,1553.25,1555.0,1544.14208984375,32164
2023-11-10,1550.0,1559.75,1549.0,1555.0999755859375,1544.241455078125,34072
2023-11-13,1552.0,1559.949951171875,1552.0,1554.4000244140625,1543.5462646484375,40532
2023-11-15,1555.449951171875,1564.5,1553.0,1560.449951171875,1549.553955078125,54768
2023-11-16,1564.0,1568.9000244140625,1550.6500244140625,1558.050048828125,1547.1708984375,91195
2023-11-17,1566.5,1571.0,1553.050048828125,1556.9000244140625,1546.02880859375,89409
2023-11-20,1552.0,1555.800048828125,1548.3499755859375,1550.0,1539.177001953125,63626
2023-11-21,1551.0,1563.9000244140625,1548.0,1553.0,1542.156005859375,45157
2023-11-22,1553.5,1555.050048828125,1545.199951171875,1548.4000244140625,1537.5882568359375,44135
2023-11-23,1549.4000244140625,1562.1500244140625,1546.25,1556.4000244140625,1545.532470703125,66888
2023-11-24,1555.050048828125,1557.699951171875,1535.0,1540.3499755859375,1529.5943603515625,71403
2023-11-28,1540.3499755859375,1542.0,1528.300048828125,1530.5999755859375,1519.9124755859375,130457
2023-11-29,1530.0,1543.6500244140625,1526.050048828125,1537.5999755859375,1526.8636474609375,152571
2023-11-30,1544.9000244140625,1564.800048828125,1529.699951171875,1550.300048828125,1539.4749755859375,190073
2023-12-01,1563.0,1563.0,1536.050048828125,1539.9000244140625,1529.1475830078125,106196
2023-12-04,1550.0,1560.0,1534.0,1556.25,1545.3834228515625,103265
2023-12-05,1555.050048828125,1556.199951171875,1547.9000244140625,1554.949951171875,1544.0924072265625,61425
2023-12-06,1560.0,1563.949951171875,1550.050048828125,1560.300048828125,1549.4051513671875,119883
2023-12-07,1553.0,1559.5999755859375,1541.0999755859375,1553.5,1542.652587890625,114034
2023-12-08,1554.5,1557.8499755859375,1540.6500244140625,1543.1500244140625,1532.3748779296875,98012
2023-12-11,1540.0,1563.550048828125,1537.3499755859375,1554.8499755859375,1543.9930419921875,95437
2023-12-12,1559.0,1563.3499755859375,1548.1500244140625,1560.050048828125,1549.1568603515625,97398
2023-12-13,1560.199951171875,1564.0,1550.050048828125,1562.1500244140625,1551.2423095703125,103907
2023-12-14,1568.5999755859375,1590.0,1567.550048828125,1581.9000244140625,1570.854248046875,280800
2023-12-15,1590.0,1621.0,1586.1500244140625,1613.050048828125,1601.786865234375,519332
2023-12-18,1612.050048828125,1625.0,1602.0999755859375,1610.0,1598.758056640625,185641
2023-12-19,1605.050048828125,1628.5,1602.0999755859375,1606.5999755859375,1595.3818359375,164564
2023-12-20,1606.5999755859375,1627.3499755859375,1575.0999755859375,1583.449951171875,1572.393310546875,239699
2023-12-21,1575.0,1599.0,1575.0,1586.050048828125,1574.975341796875,81934
2023-12-22,1607.75,1607.75,1580.050048828125,1595.0999755859375,1583.9620361328125,55416
2023-12-26,1600.0,1607.0,1585.0,1594.25,1583.1181640625,90138
2023-12-27,1600.0,1602.8499755859375,1575.050048828125,1581.300048828125,1570.2584228515625,56440
2023-12-28,1597.0,1597.0,1579.4000244140625,1588.8499755859375,1577.7557373046875,64181
2023-12-29,1588.8499755859375,1607.0,1576.0,1598.550048828125,1587.3880615234375,265178
2024-01-01,1608.550048828125,1684.0,1590.699951171875,1668.75,1657.0977783203125,685849
2024-01-02,1674.25,1735.0,1660.0,1679.1500244140625,1667.42529296875,811967
2024-01-03,1675.9000244140625,1689.4000244140625,1655.0999755859375,1680.199951171875,1668.4678955078125,171190
2024-01-04,1685.0,1687.0,1636.0,1646.199951171875,1634.7052001953125,147222
2024-01-05,1646.0999755859375,1703.3499755859375,1643.5,1669.9000244140625,1658.23974609375,169901
2024-01-08,1678.0,1678.0,1630.0,1632.949951171875,1621.547607421875,65096
2024-01-09,1643.949951171875,1644.4000244140625,1617.0,1639.5999755859375,1628.1513671875,120346
2024-01-10,1643.0,1649.800048828125,1625.9000244140625,1633.6500244140625,1622.2430419921875,82125
2024-01-11,1647.0,1657.699951171875,1616.5,1645.699951171875,1634.208740234375,117672
2024-01-12,1649.800048828125,1677.0,1642.699951171875,1648.6500244140625,1637.13818359375,169217
2024-01-15,1648.6500244140625,1648.6500244140625,1648.6500244140625,1648.6500244140625,1637.13818359375,0
2024-01-16,1651.0,1664.699951171875,1628.0999755859375,1652.3499755859375,1640.812255859375,147804
2024-01-17,1635.5,1642.3499755859375,1621.0999755859375,1624.9000244140625,1613.5540771484375,104248
2024-01-18,1624.949951171875,1632.9000244140625,1590.0,1594.1500244140625,1583.0186767578125,113969
2024-01-19,1599.9000244140625,1630.0,1599.9000244140625,1616.800048828125,1605.5106201171875,87142
2024-01-23,1654.949951171875,1654.949951171875,1595.0,1623.6500244140625,1612.312744140625,120466
2024-01-24,1601.050048828125,1605.8499755859375,1560.0,1565.300048828125,1554.3702392578125,711423
2024-01-25,1575.0,1587.5999755859375,1565.0,1575.5,1564.4990234375,163839
2024-01-29,1587.75,1587.75,1565.1500244140625,1570.1500244140625,1559.186279296875,458266
2024-01-30,1585.0,1585.0,1562.4000244140625,1571.800048828125,1560.824951171875,94838
2024-01-31,1571.800048828125,1603.25,1566.0,1592.9000244140625,1581.7774658203125,249915
2024-02-01,1599.9000244140625,1599.9000244140625,1577.0,1579.199951171875,1571.132080078125,56377
2024-02-02,1579.25,1594.800048828125,1574.3499755859375,1582.25,1574.16650390625,90973
2024-02-05,1589.9000244140625,1597.8499755859375,1571.0,1577.25,1569.1920166015625,108598
2024-02-06,1580.25,1622.800048828125,1579.0,1602.8499755859375,1594.6612548828125,164673
2024-02-07,1606.0,1619.199951171875,1603.0,1613.800048828125,1605.5552978515625,123469
2024-02-08,1619.0,1624.949951171875,1610.0,1613.75,1605.5054931640625,127431
2024-02-09,1613.050048828125,1613.050048828125,1586.0,1596.8499755859375,1588.69189453125,77671
2024-02-12,1597.199951171875,1612.3499755859375,1585.0,1595.5999755859375,1587.4482421875,88947
2024-02-13,1590.0999755859375,1601.949951171875,1585.0,1591.8499755859375,1583.7174072265625,75619
2024-02-14,1586.0,1589.8499755859375,1581.0,1587.050048828125,1578.9420166015625,71937
2024-02-15,1590.0,1609.0,1587.0,1602.550048828125,1594.36279296875,65244
2024-02-16,1605.0,1608.6500244140625,1595.0999755859375,1600.800048828125,1592.6217041015625,104335
2024-02-19,1602.0,1619.699951171875,1600.0,1612.25,1604.01318359375,94802
2024-02-20,1620.0,1672.6500244140625,1620.0,1621.75,1613.4647216796875,379761
2024-02-21,1629.949951171875,1629.949951171875,1591.5999755859375,1596.1500244140625,1587.9954833984375,217435
2024-02-22,1591.0,1610.6500244140625,1591.0,1606.699951171875,1598.4915771484375,147586
2024-02-23,1610.0,1610.0,1589.199951171875,1600.1500244140625,1591.97509765625,495792
2024-02-26,1604.8499755859375,1607.9000244140625,1595.300048828125,1597.0,1588.841064453125,455451
2024-02-27,1596.0,1615.0,1592.550048828125,1597.199951171875,1589.0400390625,362684
2024-02-28,1605.0,1607.949951171875,1595.0,1599.800048828125,1591.6268310546875,94446
2024-02-29,1609.8499755859375,1609.8499755859375,1580.0999755859375,1595.050048828125,1586.901123046875,123359
2024-03-01,1600.0,1600.0,1589.300048828125,1594.300048828125,1586.1549072265625,95023
2024-03-04,1590.0,1598.9000244140625,1579.800048828125,1581.300048828125,1573.2213134765625,219545
2024-03-05,1581.8499755859375,1598.0,1575.199951171875,1588.699951171875,1580.58349609375,83019
2024-03-06,1581.0999755859375,1599.9000244140625,1577.0,1591.25,1583.1204833984375,81877
2024-03-07,1583.0,1590.0,1578.25,1585.25,1577.151123046875,42569
2024-03-11,1593.5,1593.5,1577.0,1578.25,1570.18701171875,165337
2024-03-12,1575.0,1581.199951171875,1567.0,1576.8499755859375,1568.7940673828125,193183
2024-03-13,1570.5,1579.8499755859375,1553.75,1569.449951171875,1561.431884765625,234366
2024-03-14,1570.949951171875,1595.0,1550.5,1557.800048828125,1549.8414306640625,461509
2024-03-15,1558.0,1575.0,1552.6500244140625,1567.050048828125,1559.044189453125,152887
2024-03-18,1565.0999755859375,1589.800048828125,1564.75,1584.199951171875,1576.1065673828125,176074
2024-03-19,1584.0,1584.1500244140625,1571.75,1578.75,1570.684326171875,150696
2024-03-20,1602.1500244140625,1624.75,1600.0,1610.9000244140625,1602.670166015625,594736
2024-03-21,1615.0,1617.9000244140625,1599.949951171875,1603.449951171875,1595.2581787109375,936416
2024-03-22,1600.0,1606.9000244140625,1595.050048828125,1600.550048828125,1592.3731689453125,265822
2024-03-26,1600.550048828125,1611.800048828125,1599.0999755859375,1600.5,1592.3232421875,183443
2024-03-27,1608.0,1608.0,1600.0999755859375,1600.449951171875,1592.2734375,174559
2024-03-28,1601.0999755859375,1612.800048828125,1599.9000244140625,1602.25,1594.0643310546875,165818
2024-04-01,1602.25,1624.699951171875,1602.25,1616.6500244140625,1608.390869140625,92534
2024-04-02,1616.6500244140625,1627.5,1616.0,1617.75,1609.4852294921875,93823
2024-04-03,1620.0,1622.300048828125,1610.300048828125,1616.8499755859375,1608.5897216796875,70053
2024-04-04,1611.0999755859375,1622.0,1611.0999755859375,1617.949951171875,1609.68408203125,120594
2024-04-05,1610.800048828125,1624.5999755859375,1610.800048828125,1612.699951171875,1604.4608154296875,169277
2024-04-08,1614.5,1621.949951171875,1611.0,1612.9000244140625,1604.659912109375,166163
2024-04-09,1615.0,1616.0,1608.050048828125,1612.5,1604.261962890625,710926
2024-04-10,1623.0,1623.0,1590.0,1610.199951171875,1601.9736328125,467414
2024-04-12,1599.9000244140625,1609.9000244140625,1576.4000244140625,1601.3499755859375,1593.1688232421875,89994
2024-04-15,1597.199951171875,1601.0,1560.0,1563.300048828125,1555.3133544921875,91270
2024-04-16,1571.5,1591.0,1556.0999755859375,1576.8499755859375,1568.7940673828125,78302
2024-04-18,1579.5,1586.25,1535.0,1537.699951171875,1529.8441162109375,75741
2024-04-19,1536.9000244140625,1552.4000244140625,1511.1500244140625,1539.25,1531.3861083984375,44530
2024-04-22,1533.0,1548.199951171875,1512.0,1526.199951171875,1518.40283203125,73513
2024-04-23,1524.0,1530.0,1514.0999755859375,1519.9000244140625,1512.135009765625,37963
2024-04-24,1515.75,1555.0,1515.5999755859375,1546.8499755859375,1538.9473876953125,57416
2024-04-25,1551.0,1569.9000244140625,1534.550048828125,1559.949951171875,1551.9803466796875,45792
2024-04-26,1558.5999755859375,1559.949951171875,1531.0,1537.699951171875,1529.8441162109375,44969
2024-04-29,1537.800048828125,1546.6500244140625,1520.9000244140625,1524.800048828125,1517.0101318359375,49258
2024-04-30,1510.5,1539.9000244140625,1510.5,1523.949951171875,1516.164306640625,39001
2024-05-02,1539.800048828125,1564.9000244140625,1521.0,1550.699951171875,1542.777587890625,57700
2024-05-03,1553.0999755859375,1553.0999755859375,1521.0,1525.5,1517.7064208984375,45900
2024-05-06,1536.199951171875,1547.0,1525.0,1534.949951171875,1527.108154296875,49571
2024-05-07,1500.0,1504.25,1450.0,1456.699951171875,1449.2578125,254427
2024-05-08,1441.0,1462.0,1414.6500244140625,1421.449951171875,1414.1878662109375,88260
2024-05-09,1420.0,1471.449951171875,1401.199951171875,1406.9000244140625,1399.71240234375,77725
2024-05-10,1428.0,1446.0,1411.199951171875,1424.0999755859375,1416.824462890625,71161
2024-05-13,1430.0,1430.0,1406.0,1419.5,1412.2479248046875,37166
2024-05-14,1415.0,1425.9000244140625,1411.9000244140625,1418.199951171875,1410.9544677734375,37148
2024-05-15,1418.0,1437.1500244140625,1415.199951171875,1421.1500244140625,1413.8895263671875,39969
2024-05-16,1421.1500244140625,1446.0,1421.050048828125,1435.75,1428.4149169921875,28852
2024-05-17,1447.0,1449.6500244140625,1430.0,1446.550048828125,1439.1597900390625,28697
2024-05-21,1445.0,1455.0,1430.050048828125,1443.75,1436.3740234375,36722
2024-05-22,1443.75,1454.0,1434.75,1437.5,1430.156005859375,32904
2024-05-23,1454.3499755859375,1454.3499755859375,1430.0,1438.25,1430.9022216796875,25959
2024-05-24,1430.25,1453.75,1424.0,1437.199951171875,1429.8575439453125,40628
2024-05-27,1438.0,1439.25,1412.4000244140625,1429.8499755859375,1422.545166015625,58301
2024-05-28,1434.800048828125,1439.0,1414.0,1419.949951171875,1412.695556640625,40483
2024-05-29,1419.949951171875,1425.0,1409.550048828125,1414.75,1407.522216796875,30294
2024-05-30,1414.949951171875,1414.949951171875,1396.0,1400.9000244140625,1393.7430419921875,41940
2024-05-31,1402.050048828125,1525.0,1390.0999755859375,1476.5,1468.9566650390625,168193
2024-06-03,1520.0,1532.199951171875,1454.449951171875,1460.5,1453.0384521484375,73410
2024-06-04,1460.5,1467.550048828125,1386.050048828125,1432.800048828125,1425.47998046875,66643
2024-06-05,1430.0,1432.300048828125,1387.0,1421.050048828125,1413.7901611328125,56592
2024-06-06,1446.8499755859375,1502.0,1446.8499755859375,1476.550048828125,1469.006591796875,86403
2024-06-07,1489.0,1517.0,1480.0,1494.8499755859375,1487.2130126953125,167804
2024-06-10,1520.0,1590.0,1510.550048828125,1576.9000244140625,1568.8438720703125,327896
2024-06-11,1575.0,1590.199951171875,1550.050048828125,1556.5999755859375,1548.6475830078125,53996
2024-06-12,1590.0,1590.0,1535.050048828125,1549.25,1541.3350830078125,45535
2024-06-13,1550.8499755859375,1559.9000244140625,1530.050048828125,1535.8499755859375,1528.0035400390625,30063
2024-06-14,1538.050048828125,1548.699951171875,1525.550048828125,1530.75,1522.9296875,28907
2024-06-18,1530.0,1571.0,1510.949951171875,1557.449951171875,1549.4931640625,57869
2024-06-19,1570.0,1574.0,1532.0999755859375,1547.6500244140625,1539.7432861328125,31532
2024-06-20,1549.949951171875,1550.75,1500.0,1517.1500244140625,1509.399169921875,115072
2024-06-21,1512.8499755859375,1549.0,1512.8499755859375,1529.800048828125,1521.9844970703125,74044
2024-06-24,1529.8499755859375,1798.699951171875,1510.25,1750.050048828125,1741.1092529296875,4609348
2024-06-25,1720.0,1728.0,1670.0,1681.75,1673.158203125,693938
2024-06-26,1680.0,1681.449951171875,1632.699951171875,1645.0,1636.595947265625,204415
2024-06-27,1647.0,1930.0,1620.25,1879.550048828125,1869.9476318359375,6753245
2024-06-28,1850.0,1877.0,1805.050048828125,1823.4000244140625,1814.08447265625,1109677
2024-07-01,1814.449951171875,1910.699951171875,1803.1500244140625,1835.949951171875,1826.5703125,680769
2024-07-02,1835.949951171875,1869.300048828125,1809.0,1816.699951171875,1807.4185791015625,283852
2024-07-03,1828.0,1828.0,1761.0,1771.5999755859375,1762.549072265625,240193
2024-07-04,1780.0,1817.949951171875,1763.050048828125,1770.8499755859375,1761.802978515625,248183
2024-07-05,1771.0,1780.0,1754.6500244140625,1765.199951171875,1756.1817626953125,103999
2024-07-08,1765.0999755859375,1819.0,1751.25,1797.0999755859375,1787.9188232421875,232919
2024-07-09,1804.699951171875,1812.800048828125,1767.5,1803.75,1794.534912109375,134031
2024-07-10,1814.949951171875,1846.6500244140625,1755.0,1772.300048828125,1763.24560546875,206830
2024-07-11,1779.0,1779.0,1753.5,1767.6500244140625,1760.606201171875,75990
2024-07-12,1776.4000244140625,1810.0,1761.0,1775.050048828125,1767.9766845703125,161949
2024-07-15,1786.0,1942.449951171875,1785.0,1822.199951171875,1814.938720703125,1706122
2024-07-16,1828.0,1840.8499755859375,1780.449951171875,1819.3499755859375,1812.10009765625,170585
2024-07-18,1800.0,1867.949951171875,1793.75,1827.8499755859375,1820.5662841796875,223777
2024-07-19,1834.0,1839.8499755859375,1752.1500244140625,1763.5999755859375,1756.572265625,143560
2024-07-22,1705.0,1794.25,1674.199951171875,1755.300048828125,1748.305419921875,230071
2024-07-23,1757.0,1814.0,1700.0,1710.25,1703.4349365234375,199894
2024-07-24,1718.0,1791.0,1710.25,1768.0999755859375,1761.0543212890625,117862
2024-07-25,1754.0,1759.449951171875,1723.5999755859375,1728.5999755859375,1721.7117919921875,56352
2024-07-26,1735.050048828125,1760.0,1636.0,1642.300048828125,1635.7557373046875,2395639
2024-07-29,1644.6500244140625,1676.800048828125,1611.0,1618.5,1612.050537109375,303107
2024-07-30,1618.5,1674.0,1616.25,1668.0,1661.353271484375,353991
2024-07-31,1677.0,1684.3499755859375,1622.9000244140625,1627.5,1621.0146484375,146944
2024-08-01,1637.699951171875,1649.949951171875,1622.550048828125,1628.4000244140625,1621.9110107421875,103468
2024-08-02,1619.0,1634.5999755859375,1602.0999755859375,1605.699951171875,1599.3013916015625,67853
2024-08-05,1580.699951171875,1603.300048828125,1530.0,1533.550048828125,1527.4390869140625,128101
2024-08-06,1560.4000244140625,1574.949951171875,1515.0,1525.1500244140625,1519.072509765625,87419
2024-08-07,1548.9000244140625,1548.9000244140625,1491.0,1500.5999755859375,1494.6202392578125,151521
2024-08-08,1584.0,1650.6500244140625,1551.0,1625.4000244140625,1618.9229736328125,1307536
2024-08-09,1649.800048828125,1649.800048828125,1581.050048828125,1592.449951171875,1586.104248046875,164573
2024-08-12,1584.0,1584.0,1539.0999755859375,1542.75,1536.602294921875,137481
2024-08-13,1580.0,1580.0,1519.0,1523.699951171875,1517.628173828125,130556
2024-08-14,1529.0,1539.449951171875,1502.25,1528.949951171875,1522.8572998046875,121585
2024-08-16,1550.0,1550.0,1520.0,1531.949951171875,1525.8453369140625,68913
2024-08-19,1538.949951171875,1552.5,1526.5999755859375,1532.6500244140625,1526.5426025390625,65103
2024-08-20,1545.949951171875,1559.949951171875,1515.0999755859375,1539.449951171875,1533.3154296875,91163
2024-08-21,1543.9000244140625,1570.0,1536.699951171875,1563.0,1556.7716064453125,84862
2024-08-22,1578.699951171875,1589.6500244140625,1562.4000244140625,1567.699951171875,1561.452880859375,70499
2024-08-23,1567.699951171875,1595.0,1562.1500244140625,1591.25,1584.9090576171875,109182
2024-08-26,1597.0,1630.0,1590.0,1594.199951171875,1587.8472900390625,142510
2024-08-27,1599.0,1600.0,1576.4000244140625,1581.949951171875,1575.6461181640625,53298
2024-08-28,1589.699951171875,1601.0,1564.199951171875,1578.949951171875,1572.6580810546875,72108
2024-08-29,1584.4000244140625,1591.449951171875,1561.5999755859375,1582.9000244140625,1576.5924072265625,65359
2024-08-30,1575.0999755859375,1590.800048828125,1569.4000244140625,1581.0,1574.699951171875,50005
2024-09-02,1593.699951171875,1593.699951171875,1562.0,1577.199951171875,1570.9150390625,68196
2024-09-03,1577.199951171875,1588.0,1566.5,1579.9000244140625,1573.6043701171875,41643
2024-09-04,1569.25,1621.0999755859375,1555.5999755859375,1582.4000244140625,1576.0943603515625,188681
2024-09-05,1590.0,1638.0,1590.0,1611.0999755859375,1604.679931640625,219742
2024-09-06,1612.0,1662.0,1590.0,1598.050048828125,1591.6820068359375,204602
2024-09-09,1598.0,1598.0,1560.699951171875,1574.6500244140625,1568.375244140625,83395
2024-09-10,1577.0,1630.0,1568.300048828125,1627.0,1620.5166015625,305398
2024-09-11,1635.9000244140625,1647.0,1610.0999755859375,1638.9000244140625,1632.3692626953125,178857
2024-09-12,1670.050048828125,1680.0,1645.1500244140625,1660.800048828125,1654.1820068359375,470363
2024-09-13,1702.050048828125,1707.0,1673.949951171875,1695.5,1688.74365234375,337577
2024-09-16,1699.0,1707.0,1667.800048828125,1681.0,1674.3013916015625,259652
2024-09-17,1670.050048828125,1677.0,1645.699951171875,1673.3499755859375,1666.681884765625,232130
2024-09-18,1673.300048828125,1673.300048828125,1628.0,1637.5,1630.9747314453125,190289
2024-09-19,1657.0,1657.4000244140625,1591.0,1601.75,1595.3671875,148503
2024-09-20,1622.0,1622.0,1591.75,1598.5999755859375,1592.229736328125,110088
2024-09-23,1611.050048828125,1618.0999755859375,1586.0,1598.5999755859375,1592.229736328125,86912
2024-09-24,1591.0,1607.949951171875,1591.0,1595.0,1588.6441650390625,83957
2024-09-25,1600.0,1605.0,1560.0,1565.1500244140625,1558.9130859375,78758
2024-09-26,1574.0,1601.949951171875,1561.0,1592.8499755859375,1586.502685546875,90157
2024-09-27,1592.5,1608.800048828125,1530.0,1537.5,1531.373291015625,148304
2024-09-30,1537.5,1579.0,1530.300048828125,1565.199951171875,1558.962890625,117129
2024-10-01,1565.199951171875,1601.550048828125,1556.449951171875,1579.3499755859375,1573.0565185546875,94322
2024-10-03,1571.9000244140625,1587.0,1561.050048828125,1571.6500244140625,1565.38720703125,85497
2024-10-04,1553.0,1580.0,1535.199951171875,1552.199951171875,1546.0146484375,82657
2024-10-07,1556.0,1563.050048828125,1510.0,1518.800048828125,1512.747802734375,125292
2024-10-08,1524.699951171875,1530.0,1505.1500244140625,1525.9000244140625,1519.8194580078125,59927
2024-10-09,1528.0,1557.9000244140625,1528.0,1538.8499755859375,1532.7178955078125,42733
2024-10-10,1544.050048828125,1575.0,1542.0,1565.5,1559.26171875,53261
2024-10-11,1574.0,1579.800048828125,1551.0,1563.1500244140625,1556.9210205078125,43551
2024-10-14,1574.699951171875,1579.75,1550.050048828125,1559.949951171875,1553.7337646484375,37952
2024-10-15,1562.0,1582.800048828125,1549.300048828125,1558.25,1552.04052734375,51685
2024-10-16,1558.25,1595.9000244140625,1539.9000244140625,1581.75,1575.4468994140625,82336
2024-10-17,1582.0999755859375,1589.949951171875,1555.0,1558.300048828125,1552.0904541015625,41001
2024-10-18,1557.699951171875,1566.0,1540.5999755859375,1550.949951171875,1544.7696533203125,38541
2024-10-21,1552.0,1594.800048828125,1552.0,1567.5999755859375,1561.353271484375,120472
2024-10-22,1589.800048828125,1607.699951171875,1525.0,1532.949951171875,1526.84130859375,256826
2024-10-23,1521.199951171875,1553.949951171875,1506.199951171875,1522.550048828125,1516.48291015625,62261
2024-10-24,1525.5,1539.949951171875,1500.0,1503.449951171875,1497.4588623046875,58365
2024-10-25,1511.699951171875,1520.0,1486.1500244140625,1507.699951171875,1501.6920166015625,94976
2024-10-28,1519.699951171875,1529.0,1496.050048828125,1505.699951171875,1499.699951171875,59987
2024-10-29,1509.0,1523.949951171875,1491.5,1507.800048828125,1507.800048828125,39365
2024-10-30,1506.9000244140625,1547.0,1503.0,1523.449951171875,1523.449951171875,60139
2024-10-31,1522.0,1544.0,1514.5,1523.449951171875,1523.449951171875,62295
2024-11-01,1530.0,1549.0,1521.050048828125,1538.5,1538.5,10533
2024-11-04,1540.0,1542.0,1495.0,1503.75,1503.75,47016
2024-11-05,1509.699951171875,1531.800048828125,1496.050048828125,1500.0,1500.0,294153
2024-11-06,1524.0,1534.3499755859375,1497.699951171875,1504.449951171875,1504.449951171875,461353
2024-11-07,1520.0,1520.0,1490.0,1494.949951171875,1494.949951171875,72849
2024-11-08,1495.0,1504.9000244140625,1461.0,1464.8499755859375,1464.8499755859375,58948
2024-11-11,1464.0,1471.949951171875,1451.0,1461.5,1461.5,36108
2024-11-12,1460.699951171875,1484.449951171875,1450.0,1453.5,1453.5,48004
2024-11-13,1454.699951171875,1457.699951171875,1420.0,1424.550048828125,1424.550048828125,58797
2024-11-14,1424.5,1444.25,1409.300048828125,1414.0,1414.0,46907
2024-11-18,1415.0,1418.0,1334.0,1392.1500244140625,1392.1500244140625,163469
2024-11-19,1388.050048828125,1443.699951171875,1388.050048828125,1414.8499755859375,1414.8499755859375,48529
2024-11-21,1414.8499755859375,1419.050048828125,1382.5999755859375,1389.4000244140625,1389.4000244140625,36436
2024-11-22,1374.050048828125,1414.0,1374.050048828125,1409.699951171875,1409.699951171875,28698
2024-11-25,1432.0,1446.0,1401.0,1407.800048828125,1407.800048828125,159162
2024-11-26,1418.699951171875,1467.0,1411.5,1461.3499755859375,1461.3499755859375,78233
2024-11-27,1469.949951171875,1489.949951171875,1456.0999755859375,1472.5999755859375,1472.5999755859375,33182
2024-11-28,1478.699951171875,1482.0,1455.0,1466.3499755859375,1466.3499755859375,45125
2024-11-29,1466.949951171875,1471.199951171875,1436.0,1440.5,1440.5,29919
2024-12-02,1431.0,1469.699951171875,1412.0,1454.9000244140625,1454.9000244140625,84813
2024-12-03,1454.9000244140625,1464.9000244140625,1436.0,1444.6500244140625,1444.6500244140625,47523
2024-12-04,1448.699951171875,1453.75,1436.1500244140625,1443.5999755859375,1443.5999755859375,37806
2024-12-05,1445.0,1470.449951171875,1440.0,1467.3499755859375,1467.3499755859375,56174
2024-12-06,1471.050048828125,1479.75,1445.9000244140625,1453.25,1453.25,162616
2024-12-09,1459.949951171875,1505.199951171875,1452.0,1485.9000244140625,1485.9000244140625,104182
2024-12-10,1496.0,1499.9000244140625,1418.0,1424.050048828125,1424.050048828125,403155
2024-12-11,1429.699951171875,1450.0,1429.699951171875,1444.949951171875,1444.949951171875,85750
2024-12-12,1446.0999755859375,1449.949951171875,1430.050048828125,1438.8499755859375,1438.8499755859375,45262
2024-12-13,1439.9000244140625,1443.6500244140625,1422.050048828125,1428.3499755859375,1428.3499755859375,41937
2024-12-16,1428.949951171875,1438.699951171875,1422.0,1431.5,1431.5,165274
2024-12-17,1450.0,1450.9000244140625,1425.0,1427.550048828125,1427.550048828125,32229
2024-12-18,1448.949951171875,1487.8499755859375,1421.0,1427.699951171875,1427.699951171875,255588
2024-12-19,1417.050048828125,1428.0,1408.0,1414.5999755859375,1414.5999755859375,66100
2024-12-20,1435.800048828125,1435.800048828125,1357.3499755859375,1368.3499755859375,1368.3499755859375,96385
2024-12-23,1369.9000244140625,1380.1500244140625,1355.5,1361.9000244140625,1361.9000244140625,72552
2024-12-24,1366.0,1395.0,1355.0,1390.449951171875,1390.449951171875,37815
2024-12-26,1400.0,1400.0,1365.050048828125,1369.050048828125,1369.050048828125,30920
2024-12-27,1365.4000244140625,1382.449951171875,1364.0999755859375,1370.4000244140625,1370.4000244140625,31804
2024-12-30,1389.0,1426.3499755859375,1365.300048828125,1415.6500244140625,1415.6500244140625,78781
2024-12-31,1402.300048828125,1414.75,1390.449951171875,1392.8499755859375,1392.8499755859375,49021
2025-01-01,1399.0,1412.699951171875,1390.1500244140625,1402.3499755859375,1402.3499755859375,22586
2025-01-02,1409.0,1409.800048828125,1396.0,1405.3499755859375,1405.3499755859375,21875
2025-01-03,1410.3499755859375,1410.3499755859375,1394.0,1396.300048828125,1396.300048828125,30163
2025-01-06,1415.949951171875,1442.0,1344.75,1350.9000244140625,1350.9000244140625,133498
